"Оператор (филиал)";"Время начала действия базовой станции";"Время конца действия базовой станции";"Адрес расположения (неструктурированный)";"Идентификаторы сектора";"Параметры антенной системы";"Тип сети";"Координаты - широта";"Координаты - долгота";"Координаты - тип проекции";"Тип местности";"Ид.БС";"Ид.сектора";"LAC";"CELL (сектор)";"Телеф. ид. соты";"Азимут, гр.";"Ширина растра, гр.";"Угол наклона";"Мощность, Вт";"Частота излучения";"Высота подвеса, м";"Коэффициент усиления(Дб)";"Поляризация";"Тип расположения БС";"Ширина диаграммы по вертикали (в градусах)";"Поколение";"Номер контроллера БС";"Код БС (BCC + NCC)";"Тип БС соты";"Класс излучения";"Наименование БС";"Десятичный номер канала";"Нижняя частота";"Верхняя частота";"Уровень боковых лепестков";"CELL (WiFi/WiMax)";"MAC-адреса сектора"
"39";"2022-06-03 00:00:00";"2024-03-01 00:00:00";"Россия, г. Санкт-Петербург, пр-т Энгельса,   0.05 км юго-западнее дома 116 литера А, рекламная конструкция ООО """"Лига Сервис""""";"0";"0";"0";"60.03476";"30.32082";"0";"";"";"";"19304";"47540169";"";"10";"69";"2";"1";"1800";"13";"16";"45";"1";"8";"2";"";"";"0";"";"";"";"";"";"";"";""
"39";"2022-05-31 00:00:00";"2044-01-01 00:00:00";"Россия, обл. Ленинградская, р-н Сланцевский, г. Сланцы, ул. Школьная,   0.04 км юго-западнее дома 14-1, столб";"0";"0";"0";"59.10773";"28.16803";"0";"";"";"";"280";"43849";"";"295";"62";"3";"20";"2100";"35";"17";"45";"1";"7";"1";"RNC_78_27";"";"0";"";"BTS_78_04384_GDULN";"";"";"";"";"";""
"39";"2022-05-31 00:00:00";"2044-01-01 00:00:00";"Россия, г. Санкт-Петербург, ш. Пулковское, д. 50/литера А";"0";"0";"0";"59.80408";"30.32712";"0";"";"";"";"19355";"51288266";"";"140";"69";"2";"1";"1800";"13";"16";"45";"1";"8";"2";"";"";"0";"";"BTS_78_0344_GULTN";"";"";"";"";"";""
"39";"2022-05-31 00:00:00";"2044-01-01 00:00:00";"Россия, г. Санкт-Петербург, ш. Пулковское, д. 50/литера А";"0";"0";"0";"59.80408";"30.32712";"0";"";"";"";"19355";"51288265";"";"45";"69";"2";"1";"1800";"13";"16";"45";"1";"8";"2";"";"";"0";"";"BTS_78_0344_GULTN";"";"";"";"";"";""
"39";"2022-05-31 00:00:00";"2044-01-01 00:00:00";"Россия, г. Санкт-Петербург, ш. Пулковское, д. 50/литера А";"0";"0";"0";"59.80408";"30.32712";"0";"";"";"";"17855";"51288069";"";"295";"69";"2";"13";"1800";"14";"16";"45";"1";"8";"2";"";"";"0";"";"BTS_78_0344_GULTN";"";"";"";"";"";""
"39";"2022-05-30 00:00:00";"2044-01-01 00:00:00";"Россия, обл. Ленинградская, р-н Сланцевский, г. Сланцы, ул. Школьная,   0.04 км юго-западнее дома 14-1, столб";"0";"0";"0";"59.10773";"28.16803";"0";"";"";"";"17854";"56285189";"";"295";"63";"3";"13";"1800";"35";"17";"45";"1";"7";"2";"";"";"0";"";"BTS_78_04384_GDULN";"";"";"";"";"";""
"39";"2022-05-27 00:00:00";"2044-01-01 00:00:00";"Россия, г. Санкт-Петербург, пер. Огородный,   0.03 км северо-восточнее дома 4 корпус 3 литера А, столб";"0";"0";"0";"59.88822";"30.27278";"0";"";"";"";"17838";"56299521";"";"200";"61";"3";"13";"2600";"19";"17";"45";"1";"6";"2";"";"";"0";"";"BTS_78_04039_GULN";"";"";"";"";"";""
"39";"2022-05-27 00:00:00";"2044-01-01 00:00:00";"Россия, г. Санкт-Петербург, пер. Огородный,   0.03 км северо-восточнее дома 4 корпус 3 литера А, столб";"0";"0";"0";"59.88822";"30.27278";"0";"";"";"";"260";"40393";"";"320";"61";"3";"20";"900";"19";"13";"45";"1";"16";"0";"BSC_78_52";"0";"0";"";"BTS_78_04039_GULN";"1023";"";"";"";"";""
"39";"2022-05-27 00:00:00";"2044-01-01 00:00:00";"Россия, г. Санкт-Петербург, пр-т Московский, д. 139/к.1/стр. 1";"0";"0";"0";"59.87978";"30.31817";"0";"";"";"";"17842";"50474521";"";"0";"0";"0";"13";"2100";"3";"5";"";"0";"100";"2";"";"";"1";"";"BTS_78_2834_UL_2";"";"";"";"";"";""
"39";"2022-05-26 00:00:00";"2044-01-01 00:00:00";"Россия, г. Санкт-Петербург, ул. Кржижановского, д. 3/к.1/литера А";"0";"0";"0";"59.93209";"30.46914";"0";"";"";"";"17851";"51239193";"";"270";"66";"3";"13";"2100";"15";"17";"45";"1";"7";"2";"";"";"0";"";"BTS_78_0153_GDULN";"";"";"";"";"";""
"39";"2022-05-25 00:00:00";"2044-01-01 00:00:00";"Россия, обл. Ленинградская, р-н Гатчинский, д Старицы,   ОДН";"0";"0";"0";"59.67608";"30.09009";"0";"";"";"";"17866";"47486487";"";"50";"62";"3";"6";"2100";"38";"15";"45";"1";"15";"2";"";"";"0";"";"BTS_78_03494_DLTN";"";"";"";"";"";""
"39";"2022-05-25 00:00:00";"2044-01-01 00:00:00";"Россия, г. Санкт-Петербург, ул. Кузнецовская, д. 52/к.3/литера А";"0";"0";"0";"59.87214";"30.34022";"0";"";"";"";"17842";"52054039";"";"120";"62";"3";"13";"2100";"18";"16";"45";"1";"7";"2";"";"";"0";"";"BTS_78_03336_ULTN";"";"";"";"";"";""
"39";"2022-05-25 00:00:00";"2044-01-01 00:00:00";"Россия, г. Санкт-Петербург, ул. Кузнецовская, д. 52/к.3/литера А";"0";"0";"0";"59.87214";"30.34022";"0";"";"";"";"17842";"52054017";"";"225";"61";"3";"13";"2600";"18";"17";"45";"1";"6";"2";"";"";"0";"";"BTS_78_03336_ULTN";"";"";"";"";"";""
"39";"2022-05-20 00:00:00";"2044-01-01 00:00:00";"Россия, обл. Ленинградская, г. Сосновый Бор, ул. Солнечная, д. 28";"0";"0";"0";"59.90703";"29.09501";"0";"";"";"";"19357";"56286411";"";"270";"63";"2";"2";"1800";"16";"16";"45";"1";"8";"2";"";"";"0";"";"BTS_78_03974_ULTN";"";"";"";"";"";""
"39";"2022-05-18 00:00:00";"2044-01-01 00:00:00";"Россия, обл. Ленинградская, р-н Волховский, п Свирица, ул. Новая Свирица,   башня";"0";"0";"0";"60.47322";"32.90946";"0";"";"";"";"17845";"51432706";"";"350";"58";"2";"13";"2600";"68";"17";"45";"1";"5";"2";"";"";"0";"";"BTS_78_0909_GULTN";"";"";"";"";"";""
"39";"2022-05-13 00:00:00";"2044-01-01 00:00:00";"Россия, г. Санкт-Петербург, ул. Коммуны,   0.06 км южнее дома 47 литера А, ОДН";"0";"0";"0";"59.95773";"30.49397";"0";"";"";"";"19335";"56302539";"";"320";"63";"2";"2";"1800";"26";"16";"45";"1";"8";"2";"";"";"0";"";"BTS_78_03754_LTN";"";"";"";"";"";""
"39";"2022-05-13 00:00:00";"2044-01-01 00:00:00";"Россия, г. Санкт-Петербург, ул. Коммуны,   0.06 км южнее дома 47 литера А, ОДН";"0";"0";"0";"59.95773";"30.49397";"0";"";"";"";"17835";"56302341";"";"320";"63";"2";"25";"1800";"26";"16";"45";"1";"8";"2";"";"";"0";"";"BTS_78_03754_LTN";"";"";"";"";"";""
"39";"2022-05-07 00:00:00";"2044-01-01 00:00:00";"Россия, обл. Ленинградская, г. Сосновый Бор, ш. Копорское,   0.05 км южнее дома 34, МАО";"0";"0";"0";"59.87328";"29.08788";"0";"";"";"";"17857";"56287768";"";"130";"65";"3";"13";"2100";"30";"17";"45";"1";"7";"2";"";"";"0";"";"BTS_78_03697_GULN";"";"";"";"";"";""
"39";"2022-05-07 00:00:00";"2044-01-01 00:00:00";"Россия, г. Санкт-Петербург, п Парголово, ул. Михаила Дудина, д. 6/к.1/стр. 1";"0";"0";"0";"60.06665";"30.33752";"0";"";"";"";"221";"44745";"";"0";"0";"0";"20";"1800";"3";"5";"";"0";"55";"0";"BSC_78_50";"66";"1";"";"BTS_78_04474_DLN";"658";"";"";"";"";""
"39";"2022-05-06 00:00:00";"2044-01-01 00:00:00";"Россия, обл. Ленинградская, р-н Киришский, г. Кириши, пр-т Героев, д. 11";"0";"0";"0";"59.44617";"32.02242";"0";"";"";"";"17840";"51692801";"";"240";"58";"3";"";"2600";"19";"17";"45";"1";"5";"2";"";"";"0";"";"BTS_78_1925_GDULTN";"";"";"";"";"";""
"39";"2022-05-05 00:00:00";"2044-01-01 00:00:00";"Россия, г. Санкт-Петербург, ш. Пулковское, д. 52/литера А";"0";"0";"0";"59.80125";"30.33045";"0";"";"";"";"17855";"51286551";"";"0";"0";"0";"4";"2100";"3";"3";"";"0";"55";"2";"";"";"1";"";"BTS_78_0338_UL";"";"";"";"";"";""
"39";"2022-05-05 00:00:00";"2044-01-01 00:00:00";"Россия, г. Санкт-Петербург, п Парголово, ул. Михаила Дудина, д. 6/к.1/стр. 1";"0";"0";"0";"60.06665";"30.33752";"0";"";"";"";"17865";"56285444";"";"0";"0";"0";"13";"1800";"3";"5";"";"0";"55";"2";"";"";"1";"";"BTS_78_04474_DLN";"";"";"";"";"";""
"39";"2022-04-13 00:00:00";"2044-01-01 00:00:00";"Россия, г. Санкт-Петербург, тер. Сергиево, ул. Володарского,   0.05 км северо-восточнее дома 28 литера А, столб";"0";"0";"0";"59.83597";"30.10008";"0";"";"";"";"17861";"47514369";"";"100";"58";"3";"13";"2600";"32";"17";"45";"1";"5";"2";"";"";"0";"";"BTS_78_03603_GLTN";"";"";"";"";"";""
"39";"2022-04-13 00:00:00";"2044-01-01 00:00:00";"Россия, г. Санкт-Петербург, г. Красное Село, ул. Гвардейская,   0.049 км западнее дома 61 литера А, ОДН";"0";"0";"0";"59.73678";"30.07243";"0";"";"";"";"17861";"56295939";"";"0";"63";"3";"25";"1800";"26";"16";"45";"1";"8";"2";"";"";"0";"";"BTS_78_03989_DLTN";"";"";"";"";"";""
"39";"2022-04-11 00:00:00";"2044-01-01 00:00:00";"Россия, обл. Ленинградская, р-н Всеволожский, г. Всеволожск,   промзона """"Кирпичный Завод"""", д.1";"0";"0";"0";"60.00254";"30.7975";"0";"";"";"";"17848";"51549463";"";"270";"66";"3";"6";"2100";"18";"18";"45";"1";"6";"2";"";"";"0";"";"BTS_78_1365_GULN";"";"";"";"";"";""
"39";"2022-04-09 00:00:00";"2044-01-01 00:00:00";"Россия, г. Санкт-Петербург, ул. Подвойского,   0.02 км южнее дома 30 литера А, ОДН";"0";"0";"0";"59.91492";"30.48292";"0";"";"";"";"17851";"56288024";"";"150";"62";"2";"20";"2100";"26";"16";"45";"1";"7";"2";"";"";"0";"";"BTS_78_03778_LTN";"";"";"";"";"";""
"39";"2022-04-09 00:00:00";"2044-01-01 00:00:00";"Россия, г. Санкт-Петербург, ул. Подвойского,   0.02 км южнее дома 30 литера А, ОДН";"0";"0";"0";"59.91492";"30.48292";"0";"";"";"";"17851";"56288000";"";"0";"61";"2";"13";"2600";"26";"17";"45";"1";"6";"2";"";"";"0";"";"BTS_78_03778_LTN";"";"";"";"";"";""
"39";"2022-04-08 00:00:00";"2044-01-01 00:00:00";"Россия, г. Санкт-Петербург, ул. Коллонтай,   0.04 км западнее дома 43 литера З, ОДН";"0";"0";"0";"59.92406";"30.49683";"0";"";"";"";"17851";"56287513";"";"330";"62";"2";"13";"2100";"26";"16";"45";"1";"7";"2";"";"";"0";"";"BTS_78_03780_LTN";"";"";"";"";"";""
"39";"2022-04-08 00:00:00";"2044-01-01 00:00:00";"Россия, г. Санкт-Петербург, ул. Коллонтай,   0.04 км западнее дома 43 литера З, ОДН";"0";"0";"0";"59.92406";"30.49683";"0";"";"";"";"17851";"56287510";"";"330";"61";"2";"6";"2600";"26";"17";"45";"1";"6";"2";"";"";"0";"";"BTS_78_03780_LTN";"";"";"";"";"";""
"39";"2022-04-08 00:00:00";"2044-01-01 00:00:00";"Россия, г. Санкт-Петербург, пр-т Железнодорожный, д. 20/стр. литер А";"0";"0";"0";"59.88229";"30.42736";"0";"";"";"";"17811";"51738902";"";"280";"58";"3";"6";"2600";"15";"17";"45";"1";"5";"2";"";"";"0";"";"BTS_78_2105_GULTN";"";"";"";"";"";""
"39";"2022-04-06 00:00:00";"2044-01-01 00:00:00";"Россия, г. Санкт-Петербург, ул. Пилотов, д. 63,   столб металлический";"0";"0";"0";"59.82639";"30.28233";"0";"";"";"";"17855";"51836953";"";"340";"67";"10";"6";"2100";"29";"18";"45";"1";"6";"2";"";"";"0";"";"BTS_78_2488_DULN";"";"";"";"";"";""
"39";"2022-04-05 00:00:00";"2044-01-01 00:00:00";"Россия, обл. Ленинградская, р-н Кингисеппский, д Большие Валговицы,   0.06 км севернее дома 22а, ОДН";"0";"0";"0";"59.64511";"28.52356";"0";"";"";"";"324";"42366";"";"240";"63";"2";"20";"1800";"26";"16";"45";"1";"8";"0";"BSC_78_56";"46";"0";"";"BTS_78_04236_DLN";"742";"";"";"";"";""
"39";"2022-04-05 00:00:00";"2044-01-01 00:00:00";"Россия, г. Санкт-Петербург, ул. Кубинская,   0.12 км южнее пересечения с Костюшко ул, столб";"0";"0";"0";"59.84722";"30.29206";"0";"";"";"";"17838";"52191512";"";"180";"65";"3";"13";"2100";"26";"17";"45";"1";"7";"2";"";"";"0";"";"BTS_78_03873_LTN";"";"";"";"";"";""
"39";"2022-04-05 00:00:00";"2044-01-01 00:00:00";"Россия, г. Санкт-Петербург, ул. Кубинская,   0.12 км южнее пересечения с Костюшко ул, столб";"0";"0";"0";"59.84722";"30.29206";"0";"";"";"";"17838";"52191491";"";"60";"69";"3";"25";"1800";"26";"16";"45";"1";"8";"2";"";"";"0";"";"BTS_78_03873_LTN";"";"";"";"";"";""
"39";"2022-04-05 00:00:00";"2044-01-01 00:00:00";"Россия, г. Санкт-Петербург, ул. Кубинская,   0.12 км южнее пересечения с Костюшко ул, столб";"0";"0";"0";"59.84722";"30.29206";"0";"";"";"";"17838";"52191490";"";"315";"58";"8";"13";"2600";"26";"17";"45";"1";"5";"2";"";"";"0";"";"BTS_78_03873_LTN";"";"";"";"";"";""
"39";"2022-04-05 00:00:00";"2044-01-01 00:00:00";"Россия, г. Санкт-Петербург, ул. 6-я Жерновская,   0.03 км северо-восточнее дома 7 литера А, ОДН";"0";"0";"0";"59.96542";"30.49681";"0";"";"";"";"19306";"56292042";"";"155";"63";"5";"2";"1800";"25";"16";"45";"1";"8";"2";"";"";"0";"";"BTS_78_03753_DULTN";"";"";"";"";"";""
"39";"2022-04-05 00:00:00";"2044-01-01 00:00:00";"Россия, г. Санкт-Петербург, ул. 6-я Жерновская,   0.03 км северо-восточнее дома 7 литера А, ОДН";"0";"0";"0";"59.96542";"30.49681";"0";"";"";"";"17806";"56291843";"";"30";"63";"5";"25";"1800";"25";"16";"45";"1";"8";"2";"";"";"0";"";"BTS_78_03753_DULTN";"";"";"";"";"";""
"39";"2022-04-04 00:00:00";"2044-01-01 00:00:00";"Россия, г. Санкт-Петербург, пр-т Малоохтинский, д. 45/стр. литер А";"0";"0";"0";"59.93395";"30.40153";"0";"";"";"";"223";"61868";"";"0";"0";"0";"20";"2100";"3";"2";"";"0";"180";"1";"RNC_78_16";"";"1";"";"BTS_78_0371_GDULN";"";"";"";"";"";""
"39";"2022-04-03 00:00:00";"2044-01-01 00:00:00";"Россия, г. Санкт-Петербург, пр-т Пятилеток, д. 1";"0";"0";"0";"59.92165";"30.46819";"0";"";"";"";"332";"65361";"";"0";"0";"0";"8";"1800";"7";"3";"";"0";"55";"0";"BSC_78_57";"42";"1";"";"BTS_78_2665_GDULTN";"656";"";"";"";"";""
"39";"2022-04-01 00:00:00";"2044-01-01 00:00:00";"Россия, г. Санкт-Петербург, пр-т Пятилеток, д. 1";"0";"0";"0";"59.92165";"30.46819";"0";"";"";"";"17851";"51882260";"";"215";"65";"0";"3";"2600";"12";"14";"45";"1";"20";"2";"";"";"0";"";"BTS_78_2665_GDULTN";"";"";"";"";"";""
"39";"2022-04-01 00:00:00";"2044-01-01 00:00:00";"Россия, г. Санкт-Петербург, п Металлострой, дор. На Металлострой, д. 3/к.10/стр. 1";"0";"0";"0";"59.78381";"30.54884";"0";"";"";"";"232";"62127";"";"145";"62";"5";"";"2100";"14";"16";"45";"1";"7";"1";"";"";"0";"";"BTS_78_06212_ULTN";"";"";"";"";"";""
"39";"2022-04-01 00:00:00";"2044-01-01 00:00:00";"Россия, г. Санкт-Петербург, пр-т Пятилеток, д. 1";"0";"0";"0";"59.92165";"30.46819";"0";"";"";"";"17851";"51882423";"";"0";"0";"15";"3";"2100";"7";"3";"";"0";"55";"2";"";"";"1";"";"BTS_78_2665_GDULTN";"";"";"";"";"";""
"39";"2022-04-01 00:00:00";"2044-01-01 00:00:00";"Россия, г. Санкт-Петербург, пр-т Пятилеток, д. 1";"0";"0";"0";"59.92165";"30.46819";"0";"";"";"";"17851";"51882403";"";"0";"0";"15";"3";"2100";"7";"3";"";"0";"55";"2";"";"";"1";"";"BTS_78_2665_GDULTN";"";"";"";"";"";""
"39";"2022-04-01 00:00:00";"2044-01-01 00:00:00";"Россия, г. Санкт-Петербург, пр-т Пятилеток, д. 1";"0";"0";"0";"59.92165";"30.46819";"0";"";"";"";"17851";"51882364";"";"0";"0";"15";"3";"2100";"7";"3";"";"0";"55";"2";"";"";"1";"";"BTS_78_2665_GDULTN";"";"";"";"";"";""
"39";"2022-04-01 00:00:00";"2044-01-01 00:00:00";"Россия, г. Санкт-Петербург, пр-т Пятилеток, д. 1";"0";"0";"0";"59.92165";"30.46819";"0";"";"";"";"17851";"51882264";"";"0";"0";"0";"1";"2100";"7";"3";"";"0";"55";"2";"";"";"1";"";"BTS_78_2665_GDULTN";"";"";"";"";"";""
"39";"2022-03-31 00:00:00";"2044-01-01 00:00:00";"Россия, г. Санкт-Петербург, ул. Софьи Ковалевской,   0.05 км восточнее дома 12 литера А, ОДН";"0";"0";"0";"60.01512";"30.41107";"0";"";"";"";"17806";"52067589";"";"250";"63";"3";"25";"1800";"26";"16";"45";"1";"8";"2";"";"";"0";"";"BTS_78_03714_LTN";"";"";"";"";"";""
"39";"2022-03-31 00:00:00";"2044-01-01 00:00:00";"Россия, г. Санкт-Петербург, ул. Софьи Ковалевской,   0.05 км восточнее дома 12 литера А, ОДН";"0";"0";"0";"60.01512";"30.41107";"0";"";"";"";"17806";"52067585";"";"140";"61";"4";"13";"2600";"26";"17";"45";"1";"6";"2";"";"";"0";"";"BTS_78_03714_LTN";"";"";"";"";"";""
"39";"2022-03-30 00:00:00";"2044-01-01 00:00:00";"Россия, обл. Ленинградская, р-н Всеволожский, п/р Центральное отделение,   столб";"0";"0";"0";"59.86076";"30.53608";"0";"";"";"";"232";"39955";"";"140";"69";"2";"20";"1800";"29";"16";"45";"1";"8";"0";"BSC_78_57";"67";"0";"";"BTS_78_03995_DLTN";"670";"";"";"";"";""
"39";"2022-03-30 00:00:00";"2044-01-01 00:00:00";"Россия, г. Санкт-Петербург, пр-т Кузнецова, д. 22/к.1/стр. литер А";"0";"0";"0";"59.85464";"30.18597";"0";"";"";"";"17833";"51734806";"";"250";"58";"6";"6";"2600";"54";"17";"45";"1";"5";"2";"";"";"0";"";"BTS_78_2089_GDULTN";"";"";"";"";"";""
"39";"2022-03-30 00:00:00";"2044-01-01 00:00:00";"Россия, г. Санкт-Петербург, пр-т Ветеранов,   0.08 км северо-западнее дома 58 литера А, ОДН";"0";"0";"0";"59.83769";"30.23269";"0";"";"";"";"17823";"56289559";"";"135";"62";"2";"13";"2100";"26";"16";"45";"1";"7";"2";"";"";"0";"";"BTS_78_03959_ULTN";"";"";"";"";"";""
"39";"2022-03-30 00:00:00";"2044-01-01 00:00:00";"Россия, г. Санкт-Петербург, пр-т Ветеранов,   0.08 км северо-западнее дома 58 литера А, ОДН";"0";"0";"0";"59.83769";"30.23269";"0";"";"";"";"17823";"56289556";"";"135";"61";"3";"6";"2600";"26";"17";"45";"1";"6";"2";"";"";"0";"";"BTS_78_03959_ULTN";"";"";"";"";"";""
"39";"2022-03-29 00:00:00";"2044-01-01 00:00:00";"Россия, г. Санкт-Петербург, п Металлострой, дор. На Металлострой, д. 3/к.10/стр. 1";"0";"0";"0";"59.78381";"30.54884";"0";"";"";"";"19336";"52790473";"";"145";"63";"7";"2";"1800";"14";"16";"45";"1";"8";"2";"";"";"0";"";"BTS_78_06212_ULTN";"";"";"";"";"";""
"39";"2022-03-27 00:00:00";"2044-01-01 00:00:00";"Россия, г. Санкт-Петербург, пр-т Героев,   0.03 км юго-восточнее дома 31 строение 1, ОДН";"0";"0";"0";"59.85891";"30.15442";"0";"";"";"";"17823";"52120600";"";"165";"65";"4";"20";"2100";"26";"17";"45";"1";"7";"2";"";"";"0";"";"BTS_78_03596_GLTN";"";"";"";"";"";""
"39";"2022-03-26 00:00:00";"2044-01-01 00:00:00";"Россия, г. Санкт-Петербург, ул. Профессора Попова, д. 37/стр. литер Щ";"0";"0";"0";"59.97172";"30.29938";"0";"";"";"";"17849";"51875843";"";"0";"0";"0";"40";"1800";"3";"3";"";"0";"55";"2";"";"";"1";"";"BTS_78_2640_ULN";"";"";"";"";"";""
"39";"2022-03-25 00:00:00";"2044-01-01 00:00:00";"Россия, г. Санкт-Петербург, наб. Реки Карповки,   в районе пересечения с Каменноостровским проспектом, столб металлический";"0";"0";"0";"59.96978";"30.30643";"0";"";"";"";"17849";"52842006";"";"285";"58";"3";"6";"2600";"13";"17";"45";"1";"5";"2";"";"";"0";"";"BTS_78_6414_DULTN";"";"";"";"";"";""
"39";"2022-03-25 00:00:00";"2044-01-01 00:00:00";"Россия, г. Санкт-Петербург, наб. Реки Карповки,   в районе пересечения с Каменноостровским проспектом, столб металлический";"0";"0";"0";"59.96978";"30.30643";"0";"";"";"";"17849";"52842004";"";"45";"58";"3";"6";"2600";"13";"17";"45";"1";"5";"2";"";"";"0";"";"BTS_78_6414_DULTN";"";"";"";"";"";""
"39";"2022-03-24 00:00:00";"2044-01-01 00:00:00";"Россия, г. Санкт-Петербург, наб. Реки Смоленки, д. 3/к.1/литера А";"0";"0";"0";"59.94978";"30.26396";"0";"";"";"";"19305";"52007626";"";"215";"67";"5";"1";"1800";"28";"17";"45";"1";"8";"2";"";"";"0";"";"BTS_78_03154_ULN";"";"";"";"";"";""
"39";"2022-03-23 00:00:00";"2044-01-01 00:00:00";"Россия, обл. Ленинградская, р-н Тосненский, д Аннолово, ул. Центральная, д. 35";"0";"0";"0";"59.62864";"30.54424";"0";"";"";"";"17810";"51683862";"";"285";"60";"4";"6";"2600";"22";"18";"45";"1";"5";"2";"";"";"0";"";"BTS_78_1890_GULTN";"";"";"";"";"";""
"39";"2022-03-23 00:00:00";"2044-01-01 00:00:00";"Россия, г. Санкт-Петербург, наб. Реки Смоленки, д. 3/к.1/литера А";"0";"0";"0";"59.94978";"30.26396";"0";"";"";"";"17805";"52007426";"";"310";"63";"5";"";"2600";"28";"18";"45";"1";"6";"2";"";"";"0";"";"BTS_78_03154_ULN";"";"";"";"";"";""
"39";"2022-03-23 00:00:00";"2044-01-01 00:00:00";"Россия, г. Санкт-Петербург, пл. Балканская, д. 5";"0";"0";"0";"59.82861";"30.37909";"0";"";"";"";"17837";"51949947";"";"0";"0";"0";"20";"2100";"3";"3";"";"0";"55";"2";"";"";"1";"";"BTS_78_2929_DULN";"";"";"";"";"";""
"39";"2022-03-22 00:00:00";"2044-01-01 00:00:00";"Россия, г. Санкт-Петербург, ул. Лесопарковая,   юго-западнее дома 15 литер Б, башня";"0";"0";"0";"59.97448";"30.53186";"0";"";"";"";"17806";"51906581";"";"245";"58";"4";"13";"2600";"40";"17";"45";"1";"5";"2";"";"";"0";"";"BTS_78_2760_GULTN";"";"";"";"";"";""
"39";"2022-03-22 00:00:00";"2044-01-01 00:00:00";"Россия, г. Санкт-Петербург, ул. Коммуны, д. 67/стр. литер БН";"0";"0";"0";"59.97106";"30.49161";"0";"";"";"";"17806";"51818262";"";"260";"61";"8";"6";"2600";"28";"17";"45";"1";"6";"2";"";"";"0";"";"BTS_78_2415_GULTN";"";"";"";"";"";""
"39";"2022-03-22 00:00:00";"2044-01-01 00:00:00";"Россия, г. Санкт-Петербург, ул. Коммуны, д. 67/стр. литер БН";"0";"0";"0";"59.97106";"30.49161";"0";"";"";"";"17806";"51818261";"";"135";"61";"8";"6";"2600";"28";"17";"45";"1";"6";"2";"";"";"0";"";"BTS_78_2415_GULTN";"";"";"";"";"";""
"39";"2022-03-22 00:00:00";"2044-01-01 00:00:00";"Россия, г. Санкт-Петербург, ул. Доблести,   0.03 км южнее дома 9 строение 1, ОДН";"0";"0";"0";"59.86286";"30.17981";"0";"";"";"";"19333";"56302281";"";"75";"63";"4";"2";"1800";"26";"16";"45";"1";"8";"2";"";"";"0";"";"BTS_78_03954_LTN";"";"";"";"";"";""
"39";"2022-03-22 00:00:00";"2044-01-01 00:00:00";"Россия, г. Санкт-Петербург, пр-т Авиаконструкторов,   0.03 км юго-восточнее дома 28 литера А, ОДН";"0";"0";"0";"60.02336";"30.23002";"0";"";"";"";"17807";"56291349";"";"100";"61";"4";"6";"2600";"26";"17";"45";"1";"6";"2";"";"";"0";"";"BTS_78_03932_LTN";"";"";"";"";"";""
"39";"2022-03-22 00:00:00";"2044-01-01 00:00:00";"Россия, г. Санкт-Петербург, пер. Филологический, д. 3/литера П";"0";"0";"0";"59.94089";"30.29758";"0";"";"";"";"17862";"51202583";"";"30";"66";"3";"13";"2100";"25";"18";"45";"1";"7";"2";"";"";"0";"";"BTS_78_0010_GDULN";"";"";"";"";"";""
"39";"2022-03-22 00:00:00";"2044-01-01 00:00:00";"Россия, г. Санкт-Петербург, пл. Балканская, д. 5";"0";"0";"0";"59.82861";"30.37909";"0";"";"";"";"17837";"51949847";"";"0";"0";"0";"6";"2100";"3";"3";"";"0";"55";"2";"";"";"1";"";"BTS_78_2929_DULN";"";"";"";"";"";""
"39";"2022-03-21 00:00:00";"2044-01-01 00:00:00";"Россия, г. Санкт-Петербург, пр-т Обуховской Обороны,   0.035 км севернее дома 51 литера АФ, ОДН";"0";"0";"0";"59.90517";"30.41883";"0";"";"";"";"17834";"56292630";"";"300";"61";"2";"6";"2600";"27";"17";"45";"1";"6";"2";"";"";"0";"";"BTS_78_03847_LTN";"";"";"";"";"";""
"39";"2022-03-18 00:00:00";"2044-01-01 00:00:00";"Россия, г. Санкт-Петербург, ш. Пулковское, д. 41/стр. литер А";"0";"0";"0";"59.79719";"30.26754";"0";"";"";"";"17899";"51961109";"";"260";"58";"3";"";"2600";"15";"17";"45";"1";"5";"2";"";"";"0";"";"BTS_78_2973_DULTNR";"";"";"";"";"";""
"39";"2022-03-17 00:00:00";"2044-01-01 00:00:00";"Россия, г. Санкт-Петербург, ул. Турку,   юго-восточнее дома 18 литер А, ОДН";"0";"0";"0";"59.86772";"30.39575";"0";"";"";"";"17811";"52839938";"";"310";"61";"3";"";"2600";"26";"17";"45";"1";"6";"2";"";"";"0";"";"BTS_78_06406_DULTN";"";"";"";"";"";""
"39";"2022-03-17 00:00:00";"2044-01-01 00:00:00";"Россия, г. Санкт-Петербург, ул. Турку,   юго-восточнее дома 18 литер А, ОДН";"0";"0";"0";"59.86772";"30.39575";"0";"";"";"";"17811";"52839936";"";"70";"61";"3";"";"2600";"26";"17";"45";"1";"6";"2";"";"";"0";"";"BTS_78_06406_DULTN";"";"";"";"";"";""
"39";"2022-03-17 00:00:00";"2044-01-01 00:00:00";"Россия, г. Санкт-Петербург, пер. Челиева,   0.025 км западнее дома 7 литера Б, ОДН";"0";"0";"0";"59.88809";"30.46942";"0";"";"";"";"19311";"56296395";"";"295";"63";"3";"2";"1800";"26";"16";"45";"1";"8";"2";"";"";"0";"";"BTS_78_03796_LTN";"";"";"";"";"";""
"39";"2022-03-17 00:00:00";"2044-01-01 00:00:00";"Россия, г. Санкт-Петербург, пер. Челиева,   0.025 км западнее дома 7 литера Б, ОДН";"0";"0";"0";"59.88809";"30.46942";"0";"";"";"";"17811";"56296196";"";"175";"63";"3";"25";"1800";"26";"16";"45";"1";"8";"2";"";"";"0";"";"BTS_78_03796_LTN";"";"";"";"";"";""
"39";"2022-03-17 00:00:00";"2044-01-01 00:00:00";"Россия, г. Санкт-Петербург, пер. Челиева,   0.025 км западнее дома 7 литера Б, ОДН";"0";"0";"0";"59.88809";"30.46942";"0";"";"";"";"17811";"56296194";"";"295";"61";"2";"13";"2600";"26";"17";"45";"1";"6";"2";"";"";"0";"";"BTS_78_03796_LTN";"";"";"";"";"";""
"39";"2022-03-16 00:00:00";"2044-01-01 00:00:00";"Россия, г. Санкт-Петербург, ул. Малая Монетная, д. 4/литера М";"0";"0";"0";"59.95944";"30.32271";"0";"";"";"";"17856";"52068472";"";"165";"60";"2";"20";"2600";"8";"19";"45";"1";"6";"2";"";"";"0";"";"BTS_78_0000_DLTN_5";"";"";"";"";"";""
"39";"2022-03-15 00:00:00";"2044-01-01 00:00:00";"Россия, обл. Ленинградская, р-н Тосненский, г. Тосно, ул. 3-я,   ОДН";"0";"0";"0";"59.53401";"30.8692";"0";"";"";"";"315";"65305";"";"260";"65";"4";"20";"2100";"38";"17";"45";"1";"7";"1";"RNC_78_27";"";"0";"";"BTS_78_03883_ULTN";"";"";"";"";"";""
"39";"2022-03-15 00:00:00";"2044-01-01 00:00:00";"Россия, обл. Ленинградская, р-н Тосненский, г. Тосно, ул. 3-я,   ОДН";"0";"0";"0";"59.53401";"30.8692";"0";"";"";"";"315";"65284";"";"0";"65";"4";"20";"2100";"38";"17";"45";"1";"7";"1";"RNC_78_27";"";"0";"";"BTS_78_03883_ULTN";"";"";"";"";"";""
"39";"2022-03-15 00:00:00";"2044-01-01 00:00:00";"Россия, г. Санкт-Петербург, ул. Шкиперский проток,   0.065 км восточнее дома 12,  литер Н, ОДН";"0";"0";"0";"59.93325";"30.23483";"0";"";"";"";"17899";"52034324";"";"10";"58";"3";"6";"2600";"12";"17";"45";"1";"5";"2";"";"";"0";"";"BTS_78_03259_ULTN";"";"";"";"";"";""
"39";"2022-03-15 00:00:00";"2044-01-01 00:00:00";"Россия, г. Санкт-Петербург, ул. Большая Морская, д. 18/литера А";"0";"0";"0";"59.93497";"30.31619";"0";"";"";"";"17862";"51202068";"";"25";"61";"5";"6";"2600";"30";"17";"45";"1";"6";"2";"";"";"0";"";"BTS_78_0008_GDULTN";"";"";"";"";"";""
"39";"2022-03-14 00:00:00";"2044-01-01 00:00:00";"Россия, г. Санкт-Петербург, ул. Турку,   юго-восточнее дома 18 литер А, ОДН";"0";"0";"0";"59.86772";"30.39575";"0";"";"";"";"17811";"52839958";"";"310";"61";"3";"6";"2600";"26";"17";"45";"1";"6";"2";"";"";"0";"";"BTS_78_06406_DULTN";"";"";"";"";"";""
"39";"2022-03-14 00:00:00";"2044-01-01 00:00:00";"Россия, г. Санкт-Петербург, п Шушары, тер. Славянка, ул. Галицкая, д. 15/к.2/литера А";"0";"0";"0";"59.73466";"30.4572";"0";"";"";"";"19355";"56308939";"";"185";"63";"5";"2";"1800";"20";"16";"45";"1";"8";"2";"";"";"0";"";"BTS_78_04072_ULTN";"";"";"";"";"";""
"39";"2022-03-14 00:00:00";"2044-01-01 00:00:00";"Россия, г. Санкт-Петербург, п Шушары, тер. Славянка, ул. Галицкая, д. 15/к.2/литера А";"0";"0";"0";"59.73466";"30.4572";"0";"";"";"";"17855";"56308740";"";"90";"63";"5";"40";"1800";"20";"16";"45";"1";"8";"2";"";"";"0";"";"BTS_78_04072_ULTN";"";"";"";"";"";""
"39";"2022-03-13 00:00:00";"2044-01-01 00:00:00";"Россия, г. Санкт-Петербург, пр-т Дунайский,   0.05 км юго-восточнее дома 36 корпус 1 литера А, ОДН";"0";"0";"0";"59.83594";"30.38469";"0";"";"";"";"19337";"56293834";"";"155";"63";"3";"1";"1800";"23";"16";"45";"1";"8";"2";"";"";"0";"";"BTS_78_03822_LTN";"";"";"";"";"";""
"39";"2022-03-13 00:00:00";"2044-01-01 00:00:00";"Россия, г. Санкт-Петербург, пр-т Дунайский,   0.05 км юго-восточнее дома 36 корпус 1 литера А, ОДН";"0";"0";"0";"59.83594";"30.38469";"0";"";"";"";"17837";"56293632";"";"75";"61";"4";"40";"2600";"23";"17";"45";"1";"6";"2";"";"";"0";"";"BTS_78_03822_LTN";"";"";"";"";"";""
"39";"2022-03-11 00:00:00";"2044-01-01 00:00:00";"Россия, обл. Ленинградская, р-н Тосненский, г. Тосно, ул. 3-я,   ОДН";"0";"0";"0";"59.53401";"30.8692";"0";"";"";"";"17810";"47586071";"";"0";"65";"4";"20";"2100";"38";"17";"45";"1";"7";"2";"";"";"0";"";"BTS_78_03883_ULTN";"";"";"";"";"";""
"39";"2022-03-11 00:00:00";"2044-01-01 00:00:00";"Россия, г. Санкт-Петербург, п Металлострой, пр-д Северный, д. 8/литера А";"0";"0";"0";"59.80965";"30.55159";"0";"";"";"";"17836";"56288792";"";"160";"62";"2";"13";"2100";"18";"16";"45";"1";"7";"2";"";"";"0";"";"BTS_78_04025_DULTN";"";"";"";"";"";""
"39";"2022-03-09 00:00:00";"2044-01-01 00:00:00";"Россия, обл. Ленинградская, р-н Волховский, д Вороново,   0.06 км юго-западнее дома 25, ОДН";"0";"0";"0";"60.27121";"32.64333";"0";"";"";"";"119";"36516";"";"315";"69";"4";"20";"1800";"26";"17";"45";"1";"7";"0";"BSC_78_57";"56";"0";"";"BTS_78_03651_DLN";"666";"";"";"";"";""
"39";"2022-03-09 00:00:00";"2044-01-01 00:00:00";"Россия, обл. Ленинградская, р-н Волховский, д Вороново,   0.06 км юго-западнее дома 25, ОДН";"0";"0";"0";"60.27121";"32.64333";"0";"";"";"";"119";"36515";"";"190";"69";"4";"20";"1800";"26";"17";"45";"1";"7";"0";"BSC_78_57";"21";"0";"";"BTS_78_03651_DLN";"675";"";"";"";"";""
"39";"2022-03-09 00:00:00";"2044-01-01 00:00:00";"Россия, г. Санкт-Петербург, пр-т Обуховской Обороны,   0.035 км севернее дома 51 литера АФ, ОДН";"0";"0";"0";"59.90517";"30.41883";"0";"";"";"";"17834";"56292631";"";"120";"62";"2";"13";"2100";"27";"16";"45";"1";"7";"2";"";"";"0";"";"BTS_78_03847_LTN";"";"";"";"";"";""
"39";"2022-03-09 00:00:00";"2044-01-01 00:00:00";"Россия, г. Санкт-Петербург, пр-т Новоизмайловский, д. 44/к.5/литера А";"0";"0";"0";"59.85458";"30.31";"0";"";"";"";"19338";"52192201";"";"10";"69";"3";"2";"1800";"32";"16";"45";"1";"8";"2";"";"";"0";"";"BTS_78_03875_LTN";"";"";"";"";"";""
"39";"2022-03-09 00:00:00";"2044-01-01 00:00:00";"Россия, г. Санкт-Петербург, пр-т Новоизмайловский, д. 44/к.5/литера А";"0";"0";"0";"59.85458";"30.31";"0";"";"";"";"17838";"52192002";"";"200";"58";"3";"13";"2600";"32";"17";"45";"1";"5";"2";"";"";"0";"";"BTS_78_03875_LTN";"";"";"";"";"";""
"39";"2022-03-06 00:00:00";"2044-01-01 00:00:00";"Россия, г. Санкт-Петербург, ул. Подвойского,   0.015 км восточнее дома 16 корпус 1 литера Б, ОДН";"0";"0";"0";"59.9119";"30.46994";"0";"";"";"";"332";"37778";"";"210";"65";"4";"20";"2100";"26";"17";"45";"1";"7";"1";"RNC_78_25";"";"0";"";"BTS_78_03777_ULTN";"";"";"";"";"";""
"39";"2022-03-05 00:00:00";"2044-01-01 00:00:00";"Россия, г. Санкт-Петербург, ул. Крыленко,   0.04 км южнее дома 2а литера А, ОДН";"0";"0";"0";"59.89334";"30.45108";"0";"";"";"";"19334";"56314058";"";"210";"69";"11";"1";"1800";"29";"17";"45";"1";"6";"2";"";"";"0";"";"BTS_78_03661_LTN";"";"";"";"";"";""
"39";"2022-03-04 00:00:00";"2044-01-01 00:00:00";"Россия, г. Санкт-Петербург, п Шушары, ш. Колпинское,   0.26 км восточнее кругового движения, ОДН";"0";"0";"0";"59.74892";"30.53707";"0";"";"";"";"17859";"47362839";"";"20";"65";"4";"13";"2100";"26";"17";"45";"1";"7";"2";"";"";"0";"";"BTS_78_04011_DLTN";"";"";"";"";"";""
"39";"2022-03-02 00:00:00";"2044-01-01 00:00:00";"Россия, обл. Ленинградская, р-н Кингисеппский,   4.5 км северо-восточнее Большое Куземкино д, территория БХК, столб";"0";"0";"0";"59.60279";"28.26419";"0";"";"";"";"17856";"56313192";"";"200";"37";"4";"40";"1800";"37";"18";"45";"1";"10";"2";"";"";"0";"";"BTS_78_03693_DULTN";"";"";"";"";"";""
"39";"2022-03-02 00:00:00";"2044-01-01 00:00:00";"Россия, обл. Ленинградская, р-н Кингисеппский,   4.5 км северо-восточнее Большое Куземкино д, территория БХК, столб";"0";"0";"0";"59.60279";"28.26419";"0";"";"";"";"17856";"56313092";"";"40";"37";"4";"40";"1800";"37";"18";"45";"1";"10";"2";"";"";"0";"";"BTS_78_03693_DULTN";"";"";"";"";"";""
"39";"2022-03-02 00:00:00";"2044-01-01 00:00:00";"Россия, обл. Ленинградская, р-н Кингисеппский,   4.5 км северо-восточнее Большое Куземкино д, территория БХК, столб";"0";"0";"0";"59.60279";"28.26419";"0";"";"";"";"17856";"56313090";"";"120";"26";"4";"40";"2600";"37";"19";"45";"1";"7";"2";"";"";"0";"";"BTS_78_03693_DULTN";"";"";"";"";"";""
"39";"2022-03-02 00:00:00";"2044-01-01 00:00:00";"Россия, обл. Ленинградская, р-н Кингисеппский,   4.5 км северо-восточнее Большое Куземкино д, территория БХК, столб";"0";"0";"0";"59.60279";"28.26419";"0";"";"";"";"324";"36936";"";"200";"37";"4";"20";"1800";"37";"18";"45";"1";"10";"0";"BSC_78_56";"10";"0";"";"BTS_78_03693_DULTN";"658";"";"";"";"";""
"39";"2022-03-11 00:00:00";"2044-01-01 00:00:00";"Россия, г. Санкт-Петербург, ул. Социалистическая, д. 21/стр. 1";"0";"0";"0";"59.92005";"30.34642";"0";"";"";"";"17846";"47368727";"";"10";"65";"6";"13";"2100";"35";"17";"45";"1";"7";"2";"";"";"0";"";"BTS_78_04034_DLTN";"";"";"";"";"";""
"39";"2022-03-02 00:00:00";"2044-01-01 00:00:00";"Россия, г. Санкт-Петербург, ул. Кустодиева,   0.04 км юго-восточнее дома 17 литера А, ОДН";"0";"0";"0";"60.04887";"30.36449";"0";"";"";"";"17865";"56309763";"";"90";"69";"3";"25";"1800";"27";"16";"45";"1";"8";"2";"";"";"0";"";"BTS_78_04146_LTN";"";"";"";"";"";""
"39";"2022-03-02 00:00:00";"2044-01-01 00:00:00";"Россия, г. Санкт-Петербург, ул. Кустодиева,   0.04 км юго-восточнее дома 17 литера А, ОДН";"0";"0";"0";"60.04887";"30.36449";"0";"";"";"";"17865";"56309762";"";"285";"58";"3";"13";"2600";"27";"17";"45";"1";"5";"2";"";"";"0";"";"BTS_78_04146_LTN";"";"";"";"";"";""
"39";"2022-03-02 00:00:00";"2044-01-01 00:00:00";"Россия, г. Санкт-Петербург, наб. Реки Средней Невки, д. 6/стр. литер Б";"0";"0";"0";"59.97966";"30.27868";"0";"";"";"";"17849";"51662848";"";"105";"60";"2";"";"2600";"14";"18";"45";"1";"5";"2";"";"";"0";"";"BTS_78_1808_GULTN";"";"";"";"";"";""
"39";"2022-03-01 00:00:00";"2044-01-01 00:00:00";"Россия, обл. Ленинградская, р-н Киришский, г. Кириши, ш. Лесное,   0.23 км юго-западнее дома 5а, ОДН";"0";"0";"0";"59.46839";"32.07017";"0";"";"";"";"17840";"47459353";"";"305";"62";"3";"13";"2100";"36";"16";"45";"1";"7";"2";"";"";"0";"";"BTS_78_04388_GULN";"";"";"";"";"";""
"39";"2022-03-01 00:00:00";"2044-01-01 00:00:00";"Россия, обл. Ленинградская, р-н Волосовский, г. Волосово,   60 м восточнее Гатчинское ш, дом 10, башня";"0";"0";"0";"59.45334";"29.50471";"0";"";"";"";"17854";"52759833";"";"270";"66";"3";"6";"2100";"52";"17";"45";"1";"7";"2";"";"";"0";"";"BTS_78_06093_GULTN";"";"";"";"";"";""
"39";"2022-02-28 00:00:00";"2044-01-01 00:00:00";"Россия, обл. Ленинградская, р-н Тосненский, гп Ульяновка, ул. 15-я,   башня";"0";"0";"0";"59.66531";"30.79608";"0";"";"";"";"17810";"47479832";"";"110";"65";"5";"13";"2100";"48";"18";"45";"1";"7";"2";"";"";"0";"";"BTS_78_03468_DULN";"";"";"";"";"";""
"39";"2022-02-25 00:00:00";"2044-01-01 00:00:00";"Россия, обл. Ленинградская, р-н Волосовский, г. Волосово,   60 м восточнее Гатчинское ш, дом 10, башня";"0";"0";"0";"59.45334";"29.50471";"0";"";"";"";"17854";"52759829";"";"180";"58";"3";"25";"2600";"52";"17";"45";"1";"5";"2";"";"";"0";"";"BTS_78_06093_GULTN";"";"";"";"";"";""
"39";"2022-02-24 00:00:00";"2044-01-01 00:00:00";"Россия, обл. Ленинградская, р-н Тихвинский, г. Тихвин, пл-ка Промплощадка, уч. Здание 264";"0";"0";"0";"59.60692";"33.49199";"0";"";"";"";"17840";"52791577";"";"330";"63";"5";"40";"2100";"16";"17";"45";"1";"6";"2";"";"";"0";"";"BTS_78_6217_GULN";"";"";"";"";"";""
"39";"2022-02-24 00:00:00";"2044-01-01 00:00:00";"Россия, обл. Ленинградская, р-н Тихвинский, г. Тихвин, пл-ка Промплощадка, уч. Здание 264";"0";"0";"0";"59.60692";"33.49199";"0";"";"";"";"17840";"52791575";"";"130";"63";"5";"40";"2100";"16";"17";"45";"1";"6";"2";"";"";"0";"";"BTS_78_6217_GULN";"";"";"";"";"";""
"39";"2022-02-22 00:00:00";"2044-01-01 00:00:00";"Россия, обл. Ленинградская, р-н Тихвинский, г. Тихвин, пл-ка Промплощадка, уч. 5";"0";"0";"0";"59.61747";"33.49424";"0";"";"";"";"17840";"52791833";"";"315";"62";"5";"13";"2100";"20";"16";"45";"1";"7";"2";"";"";"0";"";"BTS_78_6218_GULTN";"";"";"";"";"";""
"39";"2022-02-22 00:00:00";"2044-01-01 00:00:00";"Россия, г. Санкт-Петербург, ул. Ждановская,   0.02 км южнее дома 43 литера А, ОДН";"0";"0";"0";"59.9613";"30.27157";"0";"";"";"";"17849";"56292375";"";"10";"62";"3";"13";"2100";"12";"16";"45";"1";"7";"2";"";"";"0";"";"BTS_78_03719_LTN";"";"";"";"";"";""
"39";"2022-02-22 00:00:00";"2044-01-01 00:00:00";"Россия, г. Санкт-Петербург, ул. Ждановская,   0.02 км южнее дома 43 литера А, ОДН";"0";"0";"0";"59.9613";"30.27157";"0";"";"";"";"17849";"56292355";"";"10";"63";"3";"25";"1800";"12";"16";"45";"1";"8";"2";"";"";"0";"";"BTS_78_03719_LTN";"";"";"";"";"";""
"39";"2022-02-21 00:00:00";"2044-01-01 00:00:00";"Россия, обл. Ленинградская, г. Сосновый Бор,   0.09 км юго-восточнее Новое Керново тер. ДНТ, ОДН";"0";"0";"0";"59.81142";"28.99232";"0";"";"";"";"17857";"56311812";"";"220";"63";"2";"25";"1800";"30";"17";"45";"1";"6";"2";"";"";"0";"";"BTS_78_04246_DLN";"";"";"";"";"";""
"39";"2022-02-21 00:00:00";"2044-01-01 00:00:00";"Россия, обл. Ленинградская, г. Сосновый Бор,   0.09 км юго-восточнее Новое Керново тер. ДНТ, ОДН";"0";"0";"0";"59.81142";"28.99232";"0";"";"";"";"224";"42466";"";"330";"63";"5";"20";"1800";"30";"17";"45";"1";"6";"0";"BSC_78_56";"43";"0";"";"BTS_78_04246_DLN";"660";"";"";"";"";""
"39";"2022-02-18 00:00:00";"2044-01-01 00:00:00";"Россия, обл. Ленинградская, р-н Тосненский, г. Тосно, ш. Московское, д. 15";"0";"0";"0";"59.55817";"30.84245";"0";"";"";"";"19310";"56294602";"";"145";"63";"2";"2";"1800";"20";"16";"45";"1";"8";"2";"";"";"0";"";"BTS_78_03881_DLTN";"";"";"";"";"";""
"39";"2022-02-18 00:00:00";"2044-01-01 00:00:00";"Россия, обл. Ленинградская, р-н Тосненский, г. Тосно, ш. Московское, д. 15";"0";"0";"0";"59.55817";"30.84245";"0";"";"";"";"17810";"56294405";"";"300";"63";"2";"25";"1800";"20";"16";"45";"1";"8";"2";"";"";"0";"";"BTS_78_03881_DLTN";"";"";"";"";"";""
"39";"2022-02-18 00:00:00";"2044-01-01 00:00:00";"Россия, обл. Ленинградская, г. Сосновый Бор, ш. Копорское,   ОДН";"0";"0";"0";"59.84101";"29.04302";"0";"";"";"";"17857";"56296450";"";"350";"61";"3";"13";"2600";"37";"17";"45";"1";"6";"2";"";"";"0";"";"BTS_78_03980_LTN";"";"";"";"";"";""
"39";"2022-02-18 00:00:00";"2044-01-01 00:00:00";"Россия, г. Санкт-Петербург, ул. Рюхина, д. 9/к.2/литера А";"0";"0";"0";"59.96964";"30.2548";"0";"";"";"";"19381";"52064203";"";"265";"90";"3";"1";"1800";"22";"12";"45";"1";"23";"2";"";"";"0";"";"BTS_78_02251_LN";"";"";"";"";"";""
"39";"2022-02-18 00:00:00";"2044-01-01 00:00:00";"Россия, г. Санкт-Петербург, ул. Костюшко,   0.02 км юго-восточнее дома 38 литера А, ОДН";"0";"0";"0";"59.84705";"30.30589";"0";"";"";"";"17837";"47583000";"";"130";"62";"2";"13";"2100";"26";"16";"45";"1";"7";"2";"";"";"0";"";"BTS_78_03871_LTN";"";"";"";"";"";""
"39";"2022-02-18 00:00:00";"2044-01-01 00:00:00";"Россия, г. Санкт-Петербург, ул. Костюшко,   0.02 км юго-восточнее дома 38 литера А, ОДН";"0";"0";"0";"59.84705";"30.30589";"0";"";"";"";"17837";"47582998";"";"220";"61";"3";"6";"2600";"26";"17";"45";"1";"6";"2";"";"";"0";"";"BTS_78_03871_LTN";"";"";"";"";"";""
"39";"2022-02-18 00:00:00";"2044-01-01 00:00:00";"Россия, г. Санкт-Петербург, ул. Костюшко,   0.02 км юго-восточнее дома 38 литера А, ОДН";"0";"0";"0";"59.84705";"30.30589";"0";"";"";"";"17837";"47582997";"";"130";"61";"3";"6";"2600";"26";"17";"45";"1";"6";"2";"";"";"0";"";"BTS_78_03871_LTN";"";"";"";"";"";""
"39";"2022-02-18 00:00:00";"2044-01-01 00:00:00";"Россия, г. Санкт-Петербург, ул. Костюшко,   0.02 км юго-восточнее дома 38 литера А, ОДН";"0";"0";"0";"59.84705";"30.30589";"0";"";"";"";"17837";"47582980";"";"130";"63";"3";"25";"1800";"26";"16";"45";"1";"8";"2";"";"";"0";"";"BTS_78_03871_LTN";"";"";"";"";"";""
"39";"2022-02-18 00:00:00";"2044-01-01 00:00:00";"Россия, г. Санкт-Петербург, пер. 2-й Рабфаковский,   0.02 км севернее дома 6 литера З, ОДН";"0";"0";"0";"59.85606";"30.473";"0";"";"";"";"17811";"56295447";"";"60";"62";"3";"13";"2100";"26";"16";"45";"1";"7";"2";"";"";"0";"";"BTS_78_03833_ULTN";"";"";"";"";"";""
"39";"2022-02-18 00:00:00";"2044-01-01 00:00:00";"Россия, г. Санкт-Петербург, пер. 2-й Рабфаковский,   0.02 км севернее дома 6 литера З, ОДН";"0";"0";"0";"59.85606";"30.473";"0";"";"";"";"17811";"56295445";"";"185";"61";"3";"6";"2600";"26";"17";"45";"1";"6";"2";"";"";"0";"";"BTS_78_03833_ULTN";"";"";"";"";"";""
"39";"2022-02-18 00:00:00";"2044-01-01 00:00:00";"Россия, г. Санкт-Петербург, пер. 2-й Рабфаковский,   0.02 км севернее дома 6 литера З, ОДН";"0";"0";"0";"59.85606";"30.473";"0";"";"";"";"17811";"56295428";"";"185";"63";"3";"25";"1800";"26";"16";"45";"1";"8";"2";"";"";"0";"";"BTS_78_03833_ULTN";"";"";"";"";"";""
"39";"2022-02-18 00:00:00";"2044-01-01 00:00:00";"Россия, г. Санкт-Петербург, пер. 2-й Рабфаковский,   0.02 км севернее дома 6 литера З, ОДН";"0";"0";"0";"59.85606";"30.473";"0";"";"";"";"17811";"56295427";"";"60";"63";"3";"25";"1800";"26";"16";"45";"1";"8";"2";"";"";"0";"";"BTS_78_03833_ULTN";"";"";"";"";"";""
"39";"2022-02-18 00:00:00";"2044-01-01 00:00:00";"Россия, г. Санкт-Петербург, пер. 2-й Рабфаковский,   0.02 км севернее дома 6 литера З, ОДН";"0";"0";"0";"59.85606";"30.473";"0";"";"";"";"17811";"56295425";"";"185";"61";"3";"13";"2600";"26";"17";"45";"1";"6";"2";"";"";"0";"";"BTS_78_03833_ULTN";"";"";"";"";"";""
"39";"2022-02-18 00:00:00";"2044-01-01 00:00:00";"Россия, г. Санкт-Петербург, ул. Коллонтай, д. 3/стр. литер Б";"0";"0";"0";"59.91162";"30.446";"0";"";"";"";"17851";"51861883";"";"0";"0";"0";"20";"2100";"5";"4";"";"0";"180";"2";"";"";"1";"";"BTS_78_2585_GDULTN";"";"";"";"";"";""
"39";"2022-07-20 00:00:00";"2044-01-01 00:00:00";"Россия, г. Санкт-Петербург, пр-т Добролюбова, д. 18/литера А";"0";"0";"0";"59.95047";"30.29193";"0";"";"";"";"17862";"51228183";"";"60";"62";"4";"20";"2100";"22";"16";"45";"1";"7";"2";"";"";"0";"";"BTS_78_0110_GDULN";"";"";"";"";"";""
"39";"2022-07-20 00:00:00";"2044-01-01 00:00:00";"Россия, г. Санкт-Петербург, ул. Зольная, д. 15/стр. 1";"0";"0";"0";"59.9184";"30.42803";"0";"";"";"";"17834";"56275629";"";"0";"69";"0";"40";"1800";"3";"8";"45";"0";"68";"2";"";"";"1";"";"BTS_78_04504_DLN";"";"";"";"";"";""
"39";"2022-07-20 00:00:00";"2044-01-01 00:00:00";"Россия, г. Санкт-Петербург, пр-т Добролюбова, д. 18/литера А";"0";"0";"0";"59.95047";"30.29193";"0";"";"";"";"17862";"51228305";"";"0";"0";"0";"20";"1800";"3";"3";"";"0";"55";"2";"";"";"1";"";"BTS_78_0110_GDULN";"";"";"";"";"";""
"39";"2022-07-20 00:00:00";"2044-01-01 00:00:00";"Россия, г. Санкт-Петербург, пр-т Добролюбова, д. 18/литера А";"0";"0";"0";"59.95047";"30.29193";"0";"";"";"";"17862";"51228265";"";"0";"0";"0";"20";"1800";"3";"3";"";"0";"55";"2";"";"";"1";"";"BTS_78_0110_GDULN";"";"";"";"";"";""
"39";"2022-07-20 00:00:00";"2044-01-01 00:00:00";"Россия, г. Санкт-Петербург, пр-т Добролюбова, д. 18/литера А";"0";"0";"0";"59.95047";"30.29193";"0";"";"";"";"17862";"51228260";"";"0";"0";"0";"20";"2600";"3";"3";"";"0";"50";"2";"";"";"1";"";"BTS_78_0110_GDULN";"";"";"";"";"";""
"39";"2022-07-18 00:00:00";"2044-01-01 00:00:00";"Россия, обл. Ленинградская, р-н Волосовский, д Чирковицы,   башня";"0";"0";"0";"59.55592";"29.15143";"0";"";"";"";"17857";"51358997";"";"145";"60";"0";"10";"2600";"65";"18";"45";"1";"5";"2";"";"";"0";"";"BTS_78_0621_GULTN";"";"";"";"";"";""
"39";"2022-07-16 00:00:00";"2044-01-01 00:00:00";"Россия, обл. Ленинградская, г. Сосновый Бор, пр-т Александра Невского,   0.032 км юго-восточнее участка 32, ОДН";"0";"0";"0";"59.91637";"29.09484";"0";"";"";"";"224";"39739";"";"160";"65";"3";"20";"2100";"37";"17";"45";"1";"7";"1";"RNC_78_27";"";"0";"";"BTS_78_03973_ULTN";"";"";"";"";"";""
"39";"2022-07-15 00:00:00";"2044-01-01 00:00:00";"Россия, г. Санкт-Петербург, ул. Большая Разночинная, д. 32/литера Л";"0";"0";"0";"59.96186";"30.28427";"0";"";"";"";"225";"43289";"";"190";"62";"4";"20";"2100";"21";"16";"45";"1";"7";"1";"RNC_78_25";"";"0";"";"BTS_78_04328_GDULTN";"";"";"";"";"";""
"39";"2022-07-15 00:00:00";"2044-01-01 00:00:00";"Россия, г. Санкт-Петербург, пр-т Энергетиков,   0.02 км восточнее дома 64 литера А, ОДН";"0";"0";"0";"59.97017";"30.43611";"0";"";"";"";"17806";"56276760";"";"220";"62";"5";"20";"2100";"26";"16";"45";"1";"7";"2";"";"";"0";"";"BTS_78_04079_LTN";"";"";"";"";"";""
"39";"2022-07-15 00:00:00";"2044-01-01 00:00:00";"Россия, г. Санкт-Петербург, пр-т Энергетиков,   0.02 км восточнее дома 64 литера А, ОДН";"0";"0";"0";"59.97017";"30.43611";"0";"";"";"";"17806";"56276738";"";"320";"61";"5";"20";"2600";"26";"17";"45";"1";"6";"2";"";"";"0";"";"BTS_78_04079_LTN";"";"";"";"";"";""
"39";"2022-07-14 00:00:00";"2044-01-01 00:00:00";"Россия, обл. Ленинградская, р-н Кингисеппский, г. Ивангород, ул. Госпитальная,   0.02 км юго-западнее дома 35Б, ОДН";"0";"0";"0";"59.38315";"28.21468";"0";"";"";"";"324";"42778";"";"175";"61";"3";"20";"2100";"40";"17";"45";"1";"6";"1";"RNC_78_27";"";"0";"";"BTS_78_04277_ULN";"";"";"";"";"";""
"39";"2022-07-14 00:00:00";"2044-01-01 00:00:00";"Россия, обл. Ленинградская, р-н Кингисеппский, г. Ивангород, ул. Госпитальная,   0.02 км юго-западнее дома 35Б, ОДН";"0";"0";"0";"59.38315";"28.21468";"0";"";"";"";"324";"42777";"";"45";"61";"4";"20";"2100";"40";"17";"45";"1";"6";"1";"RNC_78_27";"";"0";"";"BTS_78_04277_ULN";"";"";"";"";"";""
"39";"2022-07-14 00:00:00";"2044-01-01 00:00:00";"Россия, г. Санкт-Петербург, ул. Новобелицкая, д. 6/к.1/литера А";"0";"0";"0";"59.84144";"30.15244";"0";"";"";"";"1400";"50037";"";"20";"65";"9";"20";"2100";"35";"17";"45";"1";"7";"1";"RNC_78_27";"";"0";"";"BTS_78_05003_DULN";"";"";"";"";"";""
"39";"2022-07-14 00:00:00";"2044-01-01 00:00:00";"Россия, г. Санкт-Петербург, ул. Новобелицкая, д. 6/к.1/литера А";"0";"0";"0";"59.84144";"30.15244";"0";"";"";"";"1400";"50035";"";"120";"69";"8";"20";"1800";"35";"16";"45";"1";"8";"0";"BSC_78_55";"65";"0";"";"BTS_78_05003_DULN";"741";"";"";"";"";""
"39";"2022-07-14 00:00:00";"2044-01-01 00:00:00";"Россия, г. Санкт-Петербург, пр-т Витебский,   0.055 км юго-восточнее дома 101 корпус 2 строение 1, ОДН";"0";"0";"0";"59.82872";"30.37231";"0";"";"";"";"218";"38217";"";"0";"62";"3";"20";"2100";"26";"16";"45";"1";"7";"1";"RNC_78_25";"";"0";"";"BTS_78_03821_ULTN";"";"";"";"";"";""
"39";"2022-07-14 00:00:00";"2044-01-01 00:00:00";"Россия, г. Санкт-Петербург, пер. 2-й Рабфаковский,   0.02 км севернее дома 6 литера З, ОДН";"0";"0";"0";"59.85606";"30.473";"0";"";"";"";"350";"38339";"";"300";"62";"3";"20";"2100";"26";"16";"45";"1";"7";"1";"RNC_78_25";"";"0";"";"BTS_78_03833_ULTN";"";"";"";"";"";""
"39";"2022-07-13 00:00:00";"2044-01-01 00:00:00";"Россия, обл. Ленинградская, р-н Лодейнопольский, г. Лодейное Поле, ул. Имени Дмитрия Арсенова, д. 11-а,   башня";"0";"0";"0";"60.72411";"33.58062";"0";"";"";"";"109";"42167";"";"150";"61";"4";"20";"2100";"44";"7";"45";"1";"6";"1";"RNC_78_28";"";"0";"";"BTS_78_04216_DULN";"";"";"";"";"";""
"39";"2022-07-13 00:00:00";"2044-01-01 00:00:00";"Россия, обл. Ленинградская, р-н Кингисеппский,   2.4 км юго-восточнее Краколье кв-л Усть-Луга п, Усть-Лужское участковое лесничество, кв. 99,114, пос. строителей объекта """"Газоперерабатывающий завод Комплекса переработки этаносодержащего газа в районе посе";"0";"0";"0";"59.62962";"28.3263";"0";"";"";"";"324";"64996";"";"30";"62";"5";"20";"2100";"29";"16";"45";"1";"7";"1";"RNC_78_27";"";"0";"";"BTS_78_04526_DULTN";"";"";"";"";"";""
"39";"2022-07-13 00:00:00";"2044-01-01 00:00:00";"Россия, обл. Ленинградская, р-н Кингисеппский,   2.4 км юго-восточнее Краколье кв-л Усть-Луга п, Усть-Лужское участковое лесничество, кв. 99,114, пос. строителей объекта """"Газоперерабатывающий завод Комплекса переработки этаносодержащего газа в районе посе";"0";"0";"0";"59.62962";"28.3263";"0";"";"";"";"324";"45266";"";"300";"63";"5";"20";"1800";"29";"16";"45";"1";"8";"0";"BSC_78_56";"42";"0";"";"BTS_78_04526_DULTN";"745";"";"";"";"";""
"39";"2022-07-13 00:00:00";"2044-01-01 00:00:00";"Россия, г. Санкт-Петербург, пр-т Ветеранов,   0.07 км южнее дома 169 корпус 1 строение 1, ОДН";"0";"0";"0";"59.83558";"30.11258";"0";"";"";"";"333";"39677";"";"0";"62";"12";"20";"2100";"16";"16";"45";"1";"7";"1";"RNC_78_27";"";"0";"";"BTS_78_03967_ULTN";"";"";"";"";"";""
"39";"2022-04-29 00:00:00";"2044-01-01 00:00:00";"Россия, г. Санкт-Петербург, наб. Петроградская, д. 18/стр. литер А";"0";"0";"0";"59.95953";"30.33427";"0";"";"";"";"17899";"51220758";"";"310";"58";"6";"";"2600";"34";"17";"45";"1";"5";"2";"";"";"0";"";"BTS_78_0081_GDULTN";"";"";"";"";"";""
"39";"2022-04-26 00:00:00";"2044-01-01 00:00:00";"Россия, г. Санкт-Петербург, ул. Будапештская,   0.03 км юго-восточнее дома 36 корпус 2 литера Б, столб";"0";"0";"0";"59.86314";"30.37919";"0";"";"";"";"17811";"56286720";"";"0";"61";"4";"13";"2600";"28";"17";"45";"1";"6";"2";"";"";"0";"";"BTS_78_04394_GULTN";"";"";"";"";"";""
"39";"2022-04-26 00:00:00";"2044-01-01 00:00:00";"Россия, г. Санкт-Петербург, ул. Будапештская,   0.03 км юго-восточнее дома 36 корпус 2 литера Б, столб";"0";"0";"0";"59.86314";"30.37919";"0";"";"";"";"350";"43949";"";"260";"62";"3";"20";"2100";"28";"16";"45";"1";"7";"1";"RNC_78_25";"";"0";"";"BTS_78_04394_GULTN";"";"";"";"";"";""
"39";"2022-04-26 00:00:00";"2044-01-01 00:00:00";"Россия, г. Санкт-Петербург, ул. Будапештская,   0.03 км юго-восточнее дома 36 корпус 2 литера Б, столб";"0";"0";"0";"59.86314";"30.37919";"0";"";"";"";"350";"43941";"";"0";"61";"8";"20";"900";"28";"13";"45";"1";"16";"0";"BSC_78_52";"53";"0";"";"BTS_78_04394_GULTN";"63";"";"";"";"";""
"39";"2022-04-26 00:00:00";"2044-01-01 00:00:00";"Россия, г. Санкт-Петербург, пр-т Ленинский,   0.09 км западнее дома 147, литера А, ОДН";"0";"0";"0";"59.85169";"30.29142";"0";"";"";"";"17838";"51874324";"";"30";"64";"2";"6";"2600";"12";"15";"45";"1";"12";"2";"";"";"0";"";"BTS_78_02634_DLTN";"";"";"";"";"";""
"39";"2022-04-25 00:00:00";"2044-01-01 00:00:00";"Россия, обл. Ленинградская, р-н Всеволожский, д Хиттолово,   башня";"0";"0";"0";"60.22445";"30.51948";"0";"";"";"";"17827";"51652887";"";"10";"66";"3";"6";"2100";"47";"17";"45";"1";"7";"2";"";"";"0";"";"BTS_78_1769_GULN";"";"";"";"";"";""
"39";"2022-04-25 00:00:00";"2044-01-01 00:00:00";"Россия, г. Санкт-Петербург, пр-т Добролюбова,   0.04 км восточнее дома 1/79 литера Б, ОДН";"0";"0";"0";"59.94958";"30.3073";"0";"";"";"";"19362";"56298185";"";"70";"70";"3";"1";"1800";"12";"7";"45";"1";"68";"2";"";"";"0";"";"BTS_78_03721_ULN";"";"";"";"";"";""
"39";"2022-04-25 00:00:00";"2044-01-01 00:00:00";"Россия, г. Санкт-Петербург, пр-т Добролюбова,   0.04 км восточнее дома 1/79 литера Б, ОДН";"0";"0";"0";"59.94958";"30.3073";"0";"";"";"";"17862";"56298009";"";"310";"70";"3";"3";"2100";"14";"8";"45";"1";"68";"2";"";"";"0";"";"BTS_78_03721_ULN";"";"";"";"";"";""
"39";"2022-04-21 00:00:00";"2044-01-01 00:00:00";"Россия, г. Санкт-Петербург, ул. Новгородская, д. 11/литера А";"0";"0";"0";"59.93467";"30.38572";"0";"";"";"";"17834";"51747860";"";"55";"58";"9";"6";"2600";"34";"18";"45";"1";"5";"2";"";"";"0";"";"BTS_78_2140_GDULTN";"";"";"";"";"";""
"39";"2022-04-20 00:00:00";"2044-01-01 00:00:00";"Россия, г. Санкт-Петербург, г. Колпино, ул. Пролетарская,   0.04 км юго-западнее дома 69 литера А, столб";"0";"0";"0";"59.74217";"30.5724";"0";"";"";"";"19359";"56288714";"";"130";"63";"6";"2";"1800";"27";"16";"45";"1";"8";"2";"";"";"0";"";"BTS_78_04179_LTN";"";"";"";"";"";""
"39";"2022-04-16 00:00:00";"2044-01-01 00:00:00";"Россия, г. Санкт-Петербург, пр-т Дунайский,   0.09 км северо-восточнее дома 29 корпус 2 литера А столб";"0";"0";"0";"59.83297";"30.3715";"0";"";"";"";"17837";"52794644";"";"10";"60";"2";"13";"2600";"29";"18";"45";"1";"5";"2";"";"";"0";"";"BTS_78_6229_GULTN";"";"";"";"";"";""
"39";"2022-04-14 00:00:00";"2044-01-01 00:00:00";"Россия, обл. Ленинградская, г. Сосновый Бор, ул. Красных Фортов, д. 10";"0";"0";"0";"59.90534";"29.08695";"0";"";"";"";"17857";"51337238";"";"280";"65";"5";"13";"2600";"47";"18";"45";"1";"6";"2";"";"";"0";"";"BTS_78_0536_GDULTN";"";"";"";"";"";""
"39";"2022-04-14 00:00:00";"2044-01-01 00:00:00";"Россия, г. Санкт-Петербург, ул. Корабельная, д. 4/литера В";"0";"0";"0";"59.87147";"30.24333";"0";"";"";"";"17838";"52000533";"";"90";"60";"20";"6";"2600";"51";"18";"45";"1";"5";"2";"";"";"0";"";"BTS_78_03127_GDULTN";"";"";"";"";"";""
"39";"2022-04-13 00:00:00";"2044-01-01 00:00:00";"Россия, обл. Ленинградская, р-н Кингисеппский,   4.5 км северо-восточнее Большое Куземкино д, территория БХК, мачта";"0";"0";"0";"59.60601";"28.26775";"0";"";"";"";"17856";"47537684";"";"30";"61";"2";"6";"2600";"8";"18";"45";"1";"5";"2";"";"";"0";"";"BTS_78_03694_DULTN";"";"";"";"";"";""
"39";"2022-04-13 00:00:00";"2044-01-01 00:00:00";"Россия, г. Санкт-Петербург, тер. Сергиево, ул. Володарского,   0.05 км северо-восточнее дома 28 литера А, столб";"0";"0";"0";"59.83597";"30.10008";"0";"";"";"";"17861";"47514388";"";"15";"58";"3";"6";"2600";"32";"17";"45";"1";"5";"2";"";"";"0";"";"BTS_78_03603_GLTN";"";"";"";"";"";""
"39";"2022-06-06 00:00:00";"2044-01-01 00:00:00";"Россия, г. Санкт-Петербург, п Стрельна, ул. Связи, д. 38/стр. 1";"0";"0";"0";"59.84011";"29.99839";"0";"";"";"";"233";"43135";"";"0";"70";"0";"20";"1800";"3";"6";"";"0";"60";"0";"BSC_78_56";"20";"1";"";"BTS_78_04313_DLN";"653";"";"";"";"";""
"39";"2022-06-03 00:00:00";"2044-01-01 00:00:00";"Россия, обл. Ленинградская, р-н Тосненский, гп Красный Бор,   западная окраина посёлка, ОДН";"0";"0";"0";"59.68042";"30.6503";"0";"";"";"";"19310";"47583945";"";"90";"67";"4";"1";"1800";"40";"17";"45";"1";"8";"2";"";"";"0";"";"BTS_78_03874_LTN";"";"";"";"";"";""
"39";"2022-06-03 00:00:00";"2044-01-01 00:00:00";"Россия, обл. Ленинградская, р-н Тихвинский, д Бор,   мачта";"0";"0";"0";"59.77447";"33.47441";"0";"";"";"";"19339";"51625929";"";"20";"67";"2";"1";"1800";"70";"17";"45";"1";"8";"2";"";"";"0";"";"BTS_78_1663_GULTN";"";"";"";"";"";""
"39";"2022-06-03 00:00:00";"2044-01-01 00:00:00";"Россия, обл. Ленинградская, р-н Тихвинский, г. Тихвин, ул. Боровая,   ОДН";"0";"0";"0";"59.63139";"33.47239";"0";"";"";"";"19339";"47430347";"";"335";"67";"4";"1";"1800";"38";"17";"45";"1";"7";"2";"";"";"0";"";"BTS_78_04274_DULN";"";"";"";"";"";""
"39";"2022-06-03 00:00:00";"2044-01-01 00:00:00";"Россия, обл. Ленинградская, р-н Сланцевский, д Новоселье,   башня";"0";"0";"0";"58.90623";"28.34616";"0";"";"";"";"19354";"51543498";"";"235";"63";"2";"1";"1800";"68";"17";"45";"1";"7";"2";"";"";"0";"";"BTS_78_1341_GULN";"";"";"";"";"";""
"39";"2022-06-03 00:00:00";"2044-01-01 00:00:00";"Россия, обл. Ленинградская, р-н Приозерский,   о. Коневец, мачта";"0";"0";"0";"60.85238";"30.58862";"0";"";"";"";"19331";"52867275";"";"210";"63";"5";"1";"1800";"45";"17";"45";"1";"6";"2";"";"";"0";"";"BTS_78_06512_GULN";"";"";"";"";"";""
"39";"2022-06-03 00:00:00";"2044-01-01 00:00:00";"Россия, обл. Ленинградская, р-н Приозерский,   о. Коневец, мачта";"0";"0";"0";"60.85238";"30.58862";"0";"";"";"";"19331";"52867274";"";"100";"63";"4";"1";"1800";"45";"17";"45";"1";"6";"2";"";"";"0";"";"BTS_78_06512_GULN";"";"";"";"";"";""
"39";"2022-06-03 00:00:00";"2044-01-01 00:00:00";"Россия, обл. Ленинградская, р-н Приозерский,   о. Коневец, мачта";"0";"0";"0";"60.85238";"30.58862";"0";"";"";"";"19331";"52867273";"";"20";"63";"2";"1";"1800";"45";"17";"45";"1";"6";"2";"";"";"0";"";"BTS_78_06512_GULN";"";"";"";"";"";""
"39";"2022-06-03 00:00:00";"2044-01-01 00:00:00";"Россия, обл. Ленинградская, р-н Лодейнопольский, д Шамокша,   башня";"0";"0";"0";"60.65718";"33.3501";"0";"";"";"";"19339";"51386569";"";"30";"68";"2";"1";"1800";"68";"17";"45";"1";"8";"2";"";"";"0";"";"BTS_78_0728_GULN";"";"";"";"";"";""
"39";"2022-06-03 00:00:00";"2044-01-01 00:00:00";"Россия, обл. Ленинградская, р-н Киришский, п Тихорицы, ул. Новая,   0.07 км северо-западнее участка 18б, ОДН";"0";"0";"0";"59.61114";"32.07443";"0";"";"";"";"19340";"47418827";"";"230";"63";"3";"1";"1800";"27";"17";"45";"1";"6";"2";"";"";"0";"";"BTS_78_04229_DLN";"";"";"";"";"";""
"39";"2022-06-03 00:00:00";"2044-01-01 00:00:00";"Россия, обл. Ленинградская, р-н Киришский, д Кусино,   Здание котельной";"0";"0";"0";"59.38035";"31.80598";"0";"";"";"";"19340";"51354571";"";"225";"67";"2";"1";"1800";"42";"17";"45";"1";"7";"2";"";"";"0";"";"BTS_78_0603_GULN";"";"";"";"";"";""
"39";"2022-06-03 00:00:00";"2044-01-01 00:00:00";"Россия, обл. Ленинградская, р-н Кингисеппский, д Куровицы,   башня";"0";"0";"0";"59.52249";"28.26461";"0";"";"";"";"19356";"51364553";"";"120";"67";"2";"1";"1800";"59";"19";"45";"1";"5";"2";"";"";"0";"";"BTS_78_0642_GULN";"";"";"";"";"";""
"39";"2022-06-03 00:00:00";"2044-01-01 00:00:00";"Россия, обл. Ленинградская, р-н Кингисеппский, д Большое Стремление,   ОДН";"0";"0";"0";"59.7465";"28.68102";"0";"";"";"";"19356";"47421130";"";"190";"63";"3";"1";"1800";"37";"17";"45";"1";"6";"2";"";"";"0";"";"BTS_78_04238_DLN";"";"";"";"";"";""
"39";"2022-06-03 00:00:00";"2044-01-01 00:00:00";"Россия, обл. Ленинградская, р-н Гатчинский, п Чаща, ул. Дорожная, д. 20а,   башня";"0";"0";"0";"59.1001";"30.43242";"0";"";"";"";"19358";"51373513";"";"65";"63";"2";"1";"1800";"64";"17";"45";"1";"7";"2";"";"";"0";"";"BTS_78_0677_GDULTN";"";"";"";"";"";""
"39";"2022-06-03 00:00:00";"2044-01-01 00:00:00";"Россия, обл. Ленинградская, р-н Гатчинский, д Межно, ул. Заречная,   юго-западнее дома 20 (Гатчинское лесничество, Минское участковое лесничество, квартал 1401, часть выдела 2), башня";"0";"0";"0";"59.34204";"30.01457";"0";"";"";"";"19358";"52781257";"";"70";"66";"5";"1";"1800";"44";"17";"45";"1";"8";"2";"";"";"0";"";"BTS_78_06176_GULN";"";"";"";"";"";""
"39";"2022-06-03 00:00:00";"2044-01-01 00:00:00";"Россия, обл. Ленинградская, р-н Гатчинский, гп Сиверский, ш. Крамского,   200 м юго-западнее пересечения с Героев пр-кт, ОДН";"0";"0";"0";"59.34852";"30.05893";"0";"";"";"";"19358";"52028618";"";"190";"67";"2";"1";"1800";"38";"14";"45";"1";"17";"2";"";"";"0";"";"BTS_78_03236_ULN";"";"";"";"";"";""
"39";"2022-06-03 00:00:00";"2044-01-01 00:00:00";"Россия, обл. Ленинградская, р-н Гатчинский, гп Сиверский, ул. Вокзальная, д. 1а";"0";"0";"0";"59.35546";"30.06498";"0";"";"";"";"19358";"51849931";"";"200";"63";"2";"1";"1800";"18";"17";"45";"1";"6";"2";"";"";"0";"";"BTS_78_2538_GULN";"";"";"";"";"";""
"39";"2022-06-03 00:00:00";"2044-01-01 00:00:00";"Россия, обл. Ленинградская, р-н Выборгский,   Северо-Западное лесничество, Селезневское участковое лесничество, кв. №70 (часть выдела 7), 153-й км трассы """"Скандинавия"""", мачта";"0";"0";"0";"60.78884";"28.68024";"0";"";"";"";"19302";"51685833";"";"30";"64";"2";"1";"1800";"67";"18";"45";"1";"5";"2";"";"";"0";"";"BTS_78_1897_GULN";"";"";"";"";"";""
"39";"2022-06-03 00:00:00";"2044-01-01 00:00:00";"Россия, обл. Ленинградская, р-н Всеволожский,   0.09 км западнее Всеволожск г, Спокойная ул, дом 26 (Кировское лесничество, Всеволожское участковое лесничество, квартал 49, выдел 2), башня";"0";"0";"0";"60.00612";"30.63747";"0";"";"";"";"19348";"47414729";"";"25";"63";"3";"1";"1800";"45";"17";"45";"1";"6";"2";"";"";"0";"";"BTS_78_04213_LN";"";"";"";"";"";""
"39";"2022-06-03 00:00:00";"2044-01-01 00:00:00";"Россия, обл. Ленинградская, р-н Волховский, д Подол,   башня";"0";"0";"0";"60.02745";"32.32655";"0";"";"";"";"19345";"47413962";"";"115";"63";"4";"1";"1800";"48";"17";"45";"1";"6";"2";"";"";"0";"";"BTS_78_04210_DLN";"";"";"";"";"";""
"39";"2022-06-03 00:00:00";"2044-01-01 00:00:00";"Россия, обл. Ленинградская, р-н Бокситогорский, г. Пикалево, снт Металлург-1,   ОДН";"0";"0";"0";"59.49407";"34.19184";"0";"";"";"";"19340";"47433673";"";"130";"63";"3";"1";"1800";"37";"17";"45";"1";"6";"2";"";"";"0";"";"BTS_78_04287_DLN";"";"";"";"";"";""
"39";"2022-06-03 00:00:00";"2044-01-01 00:00:00";"Россия, г. Санкт-Петербург, ш. Петергофское, д. 73/к.12/стр. литер АИ";"0";"0";"0";"59.85614";"30.12436";"0";"";"";"";"19353";"51966154";"";"130";"67";"14";"1";"1800";"22";"17";"45";"1";"8";"2";"";"";"0";"";"BTS_78_2992_GULTN";"";"";"";"";"";""
"39";"2022-06-03 00:00:00";"2044-01-01 00:00:00";"Россия, г. Санкт-Петербург, ш. Выборгское, д. 34/литера А";"0";"0";"0";"60.04059";"30.31568";"0";"";"";"";"19304";"47539659";"";"350";"69";"4";"1";"1800";"22";"16";"45";"1";"8";"2";"";"";"0";"";"BTS_78_03701_LTN";"";"";"";"";"";""
"39";"2022-06-03 00:00:00";"2044-01-01 00:00:00";"Россия, г. Санкт-Петербург, ул. Лидии Зверевой,   0.23 км северо-восточнее дома 9 корпус 2 строение 1, cтолб ООО """"Линк Девелопмент""""";"0";"0";"0";"60.04116";"30.26118";"0";"";"";"";"19365";"47386826";"";"215";"67";"3";"1";"1800";"26";"17";"45";"1";"8";"2";"";"";"0";"";"BTS_78_04104_DLN";"";"";"";"";"";""
"39";"2022-09-29 00:00:00";"2044-01-01 00:00:00";"Россия, г. Москва, пер. Колодезный, д. 3 Б,   ГАРАЖ";"0";"0";"0";"55.79891";"37.69676";"0";"";"";"";"17775";"1059359";"";"100";"66";"6";"20";"2100";"19";"18";"45";"1";"6";"2";"";"";"0";"";"BTS_77_2197_GDU9LN18L21L26";"";"";"";"";"";""
"39";"2022-09-29 00:00:00";"2044-01-01 00:00:00";"Россия, г. Москва, пер. Колодезный, д. 3 Б,   ГАРАЖ";"0";"0";"0";"55.79891";"37.69676";"0";"";"";"";"414";"37723";"";"200";"61";"3";"13";"900";"19";"15";"45";"1";"12";"1";"";"";"0";"";"BTS_77_2197_GDU9LN18L21L26";"";"";"";"";"";""
"39";"2022-09-29 00:00:00";"2044-01-01 00:00:00";"Россия, г. Москва, б-р Маршала Рокоссовского, д. 31";"0";"0";"0";"55.81588";"37.71568";"0";"";"";"";"406";"3887";"";"340";"67";"4";"20";"900";"11";"14";"45";"1";"13";"1";"";"";"0";"";"";"";"";"";"";"";""
"39";"2022-09-29 00:00:00";"2044-01-01 00:00:00";"Россия, г. Москва, ул. Каховка, д. 29А";"0";"0";"0";"55.6566";"37.56919";"0";"";"";"";"17709";"646668";"";"0";"0";"0";"40";"1800";"";"3";"";"0";"55";"2";"";"";"1";"";"BTS_77_12017_DLN18";"";"";"";"";"";""
"39";"2022-09-29 00:00:00";"2044-01-01 00:00:00";"Россия, г. Москва, пл. Комсомольская, д. 3,   Ленинградский вокзал";"0";"0";"0";"55.77638";"37.6551";"0";"";"";"";"19253";"1194709";"";"0";"0";"0";"5";"1800";"";"3";"";"0";"100";"2";"";"";"1";"";"BTS_77_11133_DULN18L21";"";"";"";"";"";""
"39";"2022-09-29 00:00:00";"2044-01-01 00:00:00";"Россия, г. Москва, пл. Комсомольская, д. 3,   Ленинградский вокзал";"0";"0";"0";"55.77638";"37.6551";"0";"";"";"";"19253";"1194708";"";"0";"90";"0";"5";"1800";"";"7";"45";"0";"70";"2";"";"";"1";"";"BTS_77_11133_DULN18L21";"";"";"";"";"";""
"39";"2022-09-23 00:00:00";"2044-01-01 00:00:00";"Россия, обл. Московская, Истра, д Борки, тер. ЖК Новорижский,   ОДН";"0";"0";"0";"55.8355";"36.9233";"0";"";"";"";"825";"52576";"";"200";"63";"6";"20";"900";"36";"17";"45";"1";"9";"1";"";"";"0";"";"BTS_77_15595_DU9LN18";"";"";"";"";"";""
"39";"2022-09-23 00:00:00";"2044-01-01 00:00:00";"Россия, обл. Московская, г. Балашиха, ш. Энтузиастов, д. 30";"0";"0";"0";"55.79299";"37.93571";"0";"";"";"";"591";"58690";"";"50";"70";"4";"20";"1800";"19";"16";"45";"1";"10";"0";"";"46";"0";"";"BTS_77_22669_DLN18L26T";"884";"";"";"";"";""
"39";"2022-09-29 00:00:00";"2044-01-01 00:00:00";"Россия, г. Москва, пл. Комсомольская, д. 3,   Ленинградский вокзал";"0";"0";"0";"55.77638";"37.6551";"0";"";"";"";"19253";"1194707";"";"0";"0";"0";"5";"1800";"";"2";"";"0";"180";"2";"";"";"1";"";"BTS_77_11133_DULN18L21";"";"";"";"";"";""
"39";"2022-09-29 00:00:00";"2044-01-01 00:00:00";"Россия, г. Москва, пл. Комсомольская, д. 3,   Ленинградский вокзал";"0";"0";"0";"55.77638";"37.6551";"0";"";"";"";"17753";"1194509";"";"0";"0";"0";"5";"1800";"";"3";"";"0";"100";"2";"";"";"1";"";"BTS_77_11133_DULN18L21";"";"";"";"";"";""
"39";"2022-09-29 00:00:00";"2044-01-01 00:00:00";"Россия, г. Москва, пл. Комсомольская, д. 3,   Ленинградский вокзал";"0";"0";"0";"55.77638";"37.6551";"0";"";"";"";"405";"61346";"";"0";"0";"0";"20";"2100";"";"5";"";"0";"80";"1";"";"";"1";"";"";"";"";"";"";"";""
"39";"2022-09-29 00:00:00";"2044-01-01 00:00:00";"Россия, г. Москва, пл. Комсомольская, д. 3,   Ленинградский вокзал";"0";"0";"0";"55.77638";"37.6551";"0";"";"";"";"405";"57836";"";"0";"0";"0";"20";"2100";"";"5";"";"0";"80";"1";"RNC_77_112";"";"1";"";"";"";"";"";"";"";""
"39";"2022-09-28 00:00:00";"2044-01-01 00:00:00";"Россия, г. Москва, ул. Нелидовская,   опора в районе д.10 стр. 1, ОДН";"0";"0";"0";"55.84579";"37.44365";"0";"";"";"";"19291";"1240276";"";"120";"65";"6";"3";"1800";"26";"18";"45";"1";"6";"2";"";"";"0";"";"BTS_77_20849_DLN18L26";"";"";"";"";"";""
"39";"2022-09-27 00:00:00";"2044-01-01 00:00:00";"Россия, обл. Московская, г. Талдом, рп Вербилки, ул. Забырина,   возле д.1 башня";"0";"0";"0";"56.52923";"37.59336";"0";"";"";"";"15034";"1215755";"";"30";"63";"3";"60";"1800";"53";"16";"45";"1";"8";"2";"";"";"0";"";"BTS_77_937_LN18_2";"";"";"";"";"";""
"39";"2022-09-27 00:00:00";"2044-01-01 00:00:00";"Россия, обл. Московская, г. Пушкино, с Комягино,   опора в районе д. 15, с/п Царёвское, ОДН";"0";"0";"0";"55.99299";"37.95993";"0";"";"";"";"1615";"19185";"";"40";"68";"2";"20";"1800";"35";"17";"45";"1";"8";"0";"";"5";"0";"";"BTS_77_11513_DLN18L26";"859";"";"";"";"";""
"39";"2022-09-27 00:00:00";"2044-01-01 00:00:00";"Россия, обл. Московская, г. Пушкино, с Ельдигино, тер. Лесная подкова,   ОДН";"0";"0";"0";"56.12961";"37.79272";"0";"";"";"";"19123";"1273812";"";"130";"66";"2";"2";"1800";"36";"17";"45";"1";"7";"2";"";"";"0";"";"BTS_77_18000_DLN18";"";"";"";"";"";""
"39";"2022-09-27 00:00:00";"2044-01-01 00:00:00";"Россия, обл. Московская, г. Пушкино, с Ельдигино, тер. Лесная подкова,   ОДН";"0";"0";"0";"56.12961";"37.79272";"0";"";"";"";"19123";"1273811";"";"40";"66";"2";"2";"1800";"36";"17";"45";"1";"7";"2";"";"";"0";"";"BTS_77_18000_DLN18";"";"";"";"";"";""
"39";"2022-09-27 00:00:00";"2044-01-01 00:00:00";"Россия, обл. Московская, г. Пушкино, с Ельдигино, тер. Лесная подкова,   ОДН";"0";"0";"0";"56.12961";"37.79272";"0";"";"";"";"15023";"1273613";"";"310";"66";"2";"40";"1800";"36";"17";"45";"1";"7";"2";"";"";"0";"";"BTS_77_18000_DLN18";"";"";"";"";"";""
"39";"2022-09-27 00:00:00";"2044-01-01 00:00:00";"Россия, обл. Московская, г. Дубна, ул. Юркино,   рядом с д. 38а, ОДН";"0";"0";"0";"56.72519";"37.22292";"0";"";"";"";"842";"35838";"";"20";"63";"4";"20";"900";"27";"16";"45";"1";"10";"1";"";"";"0";"";"BTS_77_22323_U9";"";"";"";"";"";""
"39";"2022-09-27 00:00:00";"2044-01-01 00:00:00";"Россия, г. Москва, ул. Братиславская, д. 4Б";"0";"0";"0";"55.66494";"37.75052";"0";"";"";"";"17750";"3502595";"";"330";"61";"0";"40";"2600";"11";"18";"45";"1";"5";"2";"";"";"0";"";"BTS_77_16128_DLN18L26L26T";"";"";"";"";"";""
"39";"2022-09-27 00:00:00";"2044-01-01 00:00:00";"Россия, г. Москва, ул. Братиславская, д. 4Б";"0";"0";"0";"55.66494";"37.75052";"0";"";"";"";"17750";"3502594";"";"230";"61";"0";"40";"2600";"11";"18";"45";"1";"5";"2";"";"";"0";"";"BTS_77_16128_DLN18L26L26T";"";"";"";"";"";""
"39";"2022-09-26 00:00:00";"2044-01-01 00:00:00";"Россия, обл. Московская, г. Ступино, д Полушкино, тер. СНТ Учитель,   в районе д. 10, ОДН";"0";"0";"0";"55.14415";"37.74902";"0";"";"";"";"19234";"1007573";"";"340";"65";"2";"2";"1800";"32";"18";"45";"1";"6";"2";"";"";"0";"";"BTS_77_11304_DLN18L26";"";"";"";"";"";""
"39";"2022-09-26 00:00:00";"2044-01-01 00:00:00";"Россия, обл. Московская, г. Ступино, д Полушкино, тер. СНТ Учитель,   в районе д. 10, ОДН";"0";"0";"0";"55.14415";"37.74902";"0";"";"";"";"19234";"1007571";"";"130";"65";"2";"2";"1800";"32";"18";"45";"1";"6";"2";"";"";"0";"";"BTS_77_11304_DLN18L26";"";"";"";"";"";""
"39";"2022-09-24 00:00:00";"2044-01-01 00:00:00";"Россия, обл. Московская, г. Красногорск,   Истринское лесничество, Опалиховское лесничество, Опалиховское участковое лесничество, кв-л 58 часть выдела 17, ОДН";"0";"0";"0";"55.7679";"37.19629";"0";"";"";"";"15037";"1256717";"";"340";"66";"6";"40";"1800";"36";"17";"45";"1";"7";"2";"";"";"0";"";"BTS_77_18109_DLN18";"";"";"";"";"";""
"39";"2022-09-22 00:00:00";"2044-01-01 00:00:00";"Россия, г. Москва, метро станция """"Красные ворота"""",   Метрополитен";"0";"0";"0";"55.76888";"37.64849";"0";"";"";"";"5082";"25608272";"";"0";"75";"0";"40";"2100";"";"8";"";"2";"65";"2";"";"";"1";"";"";"";"";"";"";"";""
"39";"2022-07-20 00:00:00";"2044-01-01 00:00:00";"Россия, г. Санкт-Петербург, ул. Зольная, д. 15/стр. 1";"0";"0";"0";"59.9184";"30.42803";"0";"";"";"";"223";"65524";"";"0";"69";"0";"20";"1800";"3";"8";"45";"0";"68";"0";"BSC_78_52";"63";"1";"";"BTS_78_04504_DLN";"668";"";"";"";"";""
"39";"2022-07-12 00:00:00";"2044-01-01 00:00:00";"Россия, г. Санкт-Петербург, ул. Малая Бухарестская, соор. 12/1,   опора труб газовой котельной";"0";"0";"0";"59.84647";"30.41992";"0";"";"";"";"311";"44448";"";"160";"66";"12";"20";"2100";"33";"17";"45";"1";"7";"1";"RNC_78_25";"";"0";"";"BTS_78_04444_ULN";"";"";"";"";"";""
"39";"2022-07-12 00:00:00";"2044-01-01 00:00:00";"Россия, г. Санкт-Петербург, ул. Кузнецовская, д. 52/к.3/литера А";"0";"0";"0";"59.87214";"30.34022";"0";"";"";"";"204";"33367";"";"120";"62";"2";"20";"2100";"18";"16";"45";"1";"7";"1";"RNC_78_25";"";"0";"";"BTS_78_03336_ULTN";"";"";"";"";"";""
"39";"2022-07-11 00:00:00";"2044-01-01 00:00:00";"Россия, г. Санкт-Петербург, ул. Новобелицкая, д. 6/к.1/литера А";"0";"0";"0";"59.84144";"30.15244";"0";"";"";"";"17823";"56279557";"";"280";"69";"9";"39";"1800";"35";"16";"45";"1";"8";"2";"";"";"0";"";"BTS_78_05003_DULN";"";"";"";"";"";""
"39";"2022-07-09 00:00:00";"2044-01-01 00:00:00";"Россия, обл. Ленинградская, р-н Всеволожский, тер Соржа-Старая производственно-складская зона,   1-й проезд, строение 15/16";"0";"0";"0";"59.9182";"30.60775";"0";"";"";"";"232";"44986";"";"0";"0";"0";"20";"1800";"4";"5";"";"0";"55";"0";"BSC_78_57";"70";"1";"";"BTS_78_04498_DLN";"672";"";"";"";"";""
"39";"2022-07-08 00:00:00";"2044-01-01 00:00:00";"Россия, г. Санкт-Петербург, ул. Подводника Кузьмина,   0.03 км северо-восточнее дома 5 литера А, ОДН";"0";"0";"0";"59.84608";"30.25969";"0";"";"";"";"1400";"31097";"";"35";"62";"3";"20";"2100";"23";"16";"45";"1";"7";"1";"RNC_78_27";"";"0";"";"BTS_78_03109_ULTN";"";"";"";"";"";""
"39";"2022-07-06 00:00:00";"2044-01-01 00:00:00";"Россия, г. Санкт-Петербург, ул. Червонного Казачества,   0.05 км юго-западнее дома 28 литера А, столб";"0";"0";"0";"59.86455";"30.27328";"0";"";"";"";"19338";"56281033";"";"5";"69";"7";"3";"1800";"26";"16";"45";"1";"8";"2";"";"";"0";"";"BTS_78_04482_GULTN";"";"";"";"";"";""
"39";"2022-07-06 00:00:00";"2044-01-01 00:00:00";"Россия, г. Санкт-Петербург, ул. Червонного Казачества,   0.05 км юго-западнее дома 28 литера А, столб";"0";"0";"0";"59.86455";"30.27328";"0";"";"";"";"17838";"56280836";"";"100";"69";"7";"40";"1800";"26";"16";"45";"1";"8";"2";"";"";"0";"";"BTS_78_04482_GULTN";"";"";"";"";"";""
"39";"2022-07-06 00:00:00";"2044-01-01 00:00:00";"Россия, г. Санкт-Петербург, пр-т Вознесенский, д. 44-46/литера А";"0";"0";"0";"59.92061";"30.30817";"0";"";"";"";"220";"35754";"";"90";"67";"6";"20";"1800";"24";"17";"45";"1";"8";"0";"BSC_78_52";"61";"0";"";"BTS_78_03575_DLTN";"661";"";"";"";"";""
"39";"2022-07-04 00:00:00";"2044-01-01 00:00:00";"Россия, обл. Ленинградская, р-н Всеволожский, тер Соржа-Старая производственно-складская зона,   1-й проезд, строение 15/16";"0";"0";"0";"59.9182";"30.60775";"0";"";"";"";"17836";"56281349";"";"0";"0";"0";"40";"1800";"4";"5";"";"0";"55";"2";"";"";"1";"";"BTS_78_04498_DLN";"";"";"";"";"";""
"39";"2022-07-02 00:00:00";"2044-01-01 00:00:00";"Россия, г. Санкт-Петербург, ул. Будапештская, д. 3/литера А";"0";"0";"0";"59.87403";"30.36244";"0";"";"";"";"19342";"51258829";"";"320";"67";"14";"1";"1800";"58";"17";"45";"1";"8";"2";"";"";"0";"";"BTS_78_0229_GDULTN";"";"";"";"";"";""
"39";"2022-07-01 00:00:00";"2044-01-01 00:00:00";"Россия, г. Санкт-Петербург, пр-т Солидарности, д. 4/стр. литер А";"0";"0";"0";"59.92676";"30.49019";"0";"";"";"";"19351";"51260874";"";"180";"67";"15";"1";"1800";"39";"17";"45";"1";"8";"2";"";"";"0";"";"BTS_78_0237_GDULTN";"";"";"";"";"";""
"39";"2022-07-01 00:00:00";"2044-01-01 00:00:00";"Россия, г. Санкт-Петербург, г. Кронштадт, ш. Кронштадтское, д. 33/литера А,   столб";"0";"0";"0";"60.02246";"29.6949";"0";"";"";"";"224";"42515";"";"200";"63";"3";"20";"1800";"29";"17";"45";"1";"6";"0";"BSC_78_56";"40";"0";"";"BTS_78_04251_DULN";"658";"";"";"";"";""
"39";"2022-07-01 00:00:00";"2044-01-01 00:00:00";"Россия, г. Санкт-Петербург, пр-т Российский, д. 6/стр. 1";"0";"0";"0";"59.92334";"30.46922";"0";"";"";"";"19351";"51811533";"";"0";"0";"0";"2";"1800";"3";"3";"";"0";"55";"2";"";"";"1";"";"BTS_78_02388_DULTN";"";"";"";"";"";""
"39";"2022-06-30 00:00:00";"2044-01-01 00:00:00";"Россия, г. Санкт-Петербург, ул. Метростроевцев,   0.04 км северо-восточнее дома 22 литера А, ОДН";"0";"0";"0";"59.90286";"30.29014";"0";"";"";"";"19347";"56304843";"";"270";"63";"2";"3";"1800";"26";"16";"45";"1";"8";"2";"";"";"0";"";"BTS_78_03891_LTN";"";"";"";"";"";""
"39";"2022-06-30 00:00:00";"2044-01-01 00:00:00";"Россия, г. Санкт-Петербург, ул. Метростроевцев,   0.04 км северо-восточнее дома 22 литера А, ОДН";"0";"0";"0";"59.90286";"30.29014";"0";"";"";"";"17847";"56304662";"";"270";"61";"2";"10";"2600";"26";"17";"45";"1";"6";"2";"";"";"0";"";"BTS_78_03891_LTN";"";"";"";"";"";""
"39";"2022-06-30 00:00:00";"2044-01-01 00:00:00";"Россия, г. Санкт-Петербург, ул. Метростроевцев,   0.04 км северо-восточнее дома 22 литера А, ОДН";"0";"0";"0";"59.90286";"30.29014";"0";"";"";"";"17847";"56304661";"";"130";"61";"2";"10";"2600";"26";"17";"45";"1";"6";"2";"";"";"0";"";"BTS_78_03891_LTN";"";"";"";"";"";""
"39";"2022-06-30 00:00:00";"2044-01-01 00:00:00";"Россия, г. Санкт-Петербург, ул. Метростроевцев,   0.04 км северо-восточнее дома 22 литера А, ОДН";"0";"0";"0";"59.90286";"30.29014";"0";"";"";"";"17847";"56304642";"";"270";"61";"2";"20";"2600";"26";"17";"45";"1";"6";"2";"";"";"0";"";"BTS_78_03891_LTN";"";"";"";"";"";""
"39";"2022-06-29 00:00:00";"2044-01-01 00:00:00";"Россия, обл. Ленинградская, р-н Гатчинский, д Романовка,   башня";"0";"0";"0";"59.61341";"30.19535";"0";"";"";"";"17866";"47483671";"";"95";"62";"6";"20";"2100";"47";"17";"45";"1";"7";"2";"";"";"0";"";"BTS_78_03483_DLTN";"";"";"";"";"";""
"39";"2022-06-28 00:00:00";"2044-01-01 00:00:00";"Россия, г. Санкт-Петербург, г. Сестрорецк, ул. Мосина,   0.02 км севернее дома 6 литера А, столб";"0";"0";"0";"60.09236";"29.96584";"0";"";"";"";"236";"39779";"";"330";"62";"5";"20";"2100";"11";"16";"45";"1";"7";"1";"RNC_78_24";"";"0";"";"BTS_78_03977_ULTN";"";"";"";"";"";""
"39";"2022-06-27 00:00:00";"2044-01-01 00:00:00";"Россия, обл. Ленинградская, р-н Ломоносовский, д Иннолово, ул. Комсомольская,   столб мелаллический";"0";"0";"0";"59.78039";"29.97414";"0";"";"";"";"233";"31765";"";"190";"63";"2";"20";"1800";"26";"17";"45";"1";"6";"0";"BSC_78_56";"45";"0";"";"BTS_78_03176_DULN";"655";"";"";"";"";""
"39";"2022-06-27 00:00:00";"2044-01-01 00:00:00";"Россия, обл. Ленинградская, р-н Лодейнопольский, г. Лодейное Поле, ул. Рабоче-Крестьянская, д. 63,   башня";"0";"0";"0";"60.71786";"33.55931";"0";"";"";"";"109";"42045";"";"275";"63";"3";"20";"1800";"44";"17";"45";"1";"6";"0";"BSC_78_57";"57";"0";"";"BTS_78_04204_DLN";"657";"";"";"";"";""
"39";"2022-06-27 00:00:00";"2044-01-01 00:00:00";"Россия, обл. Ленинградская, р-н Гатчинский,   вблизи Новый Свет п, Киевское шоссе, 43 км., 0,1 км восточнее уч. № 4, ОДН";"0";"0";"0";"59.57247";"30.17313";"0";"";"";"";"333";"32174";"";"90";"65";"3";"20";"1800";"39";"17";"45";"1";"7";"0";"BSC_78_56";"6";"0";"";"BTS_78_03217_DULN";"651";"";"";"";"";""
"39";"2022-06-27 00:00:00";"2044-01-01 00:00:00";"Россия, обл. Ленинградская, р-н Выборгский, г. Каменногорск, ш. Ленинградское,   0,11 км западнее пересечения с Спортивная ул, ОДН";"0";"0";"0";"60.94766";"29.13132";"0";"";"";"";"328";"42326";"";"350";"63";"3";"20";"1800";"26";"16";"45";"1";"8";"0";"BSC_78_53";"60";"0";"";"BTS_78_04232_DLN";"655";"";"";"";"";""
"39";"2022-06-27 00:00:00";"2044-01-01 00:00:00";"Россия, обл. Ленинградская, р-н Выборгский, г. Каменногорск, ш. Ленинградское,   0,11 км западнее пересечения с Спортивная ул, ОДН";"0";"0";"0";"60.94766";"29.13132";"0";"";"";"";"328";"42324";"";"100";"63";"3";"20";"1800";"26";"16";"45";"1";"8";"0";"BSC_78_53";"47";"0";"";"BTS_78_04232_DLN";"651";"";"";"";"";""
"39";"2022-06-27 00:00:00";"2044-01-01 00:00:00";"Россия, обл. Ленинградская, р-н Выборгский, г. Выборг,   Юго-Восточная промзона, дымовая труба";"0";"0";"0";"60.6999";"28.8087";"0";"";"";"";"328";"32094";"";"130";"69";"2";"20";"1800";"55";"17";"45";"1";"6";"0";"BSC_78_53";"63";"0";"";"BTS_78_03209_DULTN";"651";"";"";"";"";""
"39";"2022-06-27 00:00:00";"2044-01-01 00:00:00";"Россия, обл. Ленинградская, р-н Выборгский,   0.04 км юго-западнее Лебяжье п, (Рощинское лесничество, Победовское участковое лесничество, квартал 149, выдел 13), башня";"0";"0";"0";"60.30415";"29.52165";"0";"";"";"";"317";"64883";"";"55";"66";"2";"20";"1800";"48";"17";"45";"1";"7";"0";"BSC_78_53";"70";"0";"";"BTS_78_01817_DULN";"653";"";"";"";"";""
"39";"2022-06-27 00:00:00";"2044-01-01 00:00:00";"Россия, г. Санкт-Петербург, г. Сестрорецк, ул. Мосина,   0.02 км севернее дома 6 литера А, столб";"0";"0";"0";"60.09236";"29.96584";"0";"";"";"";"19364";"56282569";"";"145";"63";"5";"3";"1800";"11";"16";"45";"1";"8";"2";"";"";"0";"";"BTS_78_03977_ULTN";"";"";"";"";"";""
"39";"2022-06-27 00:00:00";"2044-01-01 00:00:00";"Россия, г. Санкт-Петербург, г. Сестрорецк, ул. Мосина,   0.02 км севернее дома 6 литера А, столб";"0";"0";"0";"60.09236";"29.96584";"0";"";"";"";"17864";"56282392";"";"235";"62";"5";"20";"2100";"11";"16";"45";"1";"7";"2";"";"";"0";"";"BTS_78_03977_ULTN";"";"";"";"";"";""
"39";"2022-06-24 00:00:00";"2044-01-01 00:00:00";"Россия, обл. Ленинградская, р-н Лодейнопольский, г. Лодейное Поле, ш. Ленинградское,   0.08 км южнее дома 65, ОДН";"0";"0";"0";"60.7303";"33.49506";"0";"";"";"";"109";"64923";"";"245";"69";"2";"20";"1800";"27";"16";"45";"1";"8";"0";"BSC_78_57";"65";"0";"";"BTS_78_03407_DLN";"653";"";"";"";"";""
"39";"2022-07-26 00:00:00";"2044-01-01 00:00:00";"Россия, обл. Ленинградская, р-н Тосненский, г. Тосно, ул. М.Горького,   0.05 км западнее дома 9, ОДН";"0";"0";"0";"59.54029";"30.86803";"0";"";"";"";"17810";"47523608";"";"130";"65";"3";"29";"2100";"38";"17";"45";"1";"7";"2";"";"";"0";"";"BTS_78_03639_LTN";"";"";"";"";"";""
"39";"2022-07-25 00:00:00";"2044-01-01 00:00:00";"Россия, г. Санкт-Петербург, ш. Выборгское,   0.05 км юго-западнее дома 17 корпус 1 литера А, ОДН";"0";"0";"0";"60.05331";"30.30996";"0";"";"";"";"19365";"56278986";"";"165";"63";"6";"3";"1800";"26";"16";"45";"1";"8";"2";"";"";"0";"";"BTS_78_03459_LTN";"";"";"";"";"";""
"39";"2022-07-25 00:00:00";"2044-01-01 00:00:00";"Россия, г. Санкт-Петербург, ш. Выборгское,   0.05 км юго-западнее дома 17 корпус 1 литера А, ОДН";"0";"0";"0";"60.05331";"30.30996";"0";"";"";"";"17865";"56278805";"";"165";"61";"6";"10";"2600";"26";"17";"45";"1";"6";"2";"";"";"0";"";"BTS_78_03459_LTN";"";"";"";"";"";""
"39";"2022-07-25 00:00:00";"2044-01-01 00:00:00";"Россия, г. Санкт-Петербург, ш. Выборгское,   0.05 км юго-западнее дома 17 корпус 1 литера А, ОДН";"0";"0";"0";"60.05331";"30.30996";"0";"";"";"";"17865";"56278789";"";"345";"63";"6";"40";"1800";"26";"16";"45";"1";"8";"2";"";"";"0";"";"BTS_78_03459_LTN";"";"";"";"";"";""
"39";"2022-07-25 00:00:00";"2044-01-01 00:00:00";"Россия, г. Санкт-Петербург, ш. Выборгское,   0.05 км юго-западнее дома 17 корпус 1 литера А, ОДН";"0";"0";"0";"60.05331";"30.30996";"0";"";"";"";"17865";"56278785";"";"165";"61";"6";"20";"2600";"26";"17";"45";"1";"6";"2";"";"";"0";"";"BTS_78_03459_LTN";"";"";"";"";"";""
"39";"2022-07-25 00:00:00";"2044-01-01 00:00:00";"Россия, г. Санкт-Петербург, ш. Выборгское,   0.05 км юго-западнее дома 17 корпус 1 литера А, ОДН";"0";"0";"0";"60.05331";"30.30996";"0";"";"";"";"17865";"56278784";"";"75";"61";"6";"20";"2600";"26";"17";"45";"1";"6";"2";"";"";"0";"";"BTS_78_03459_LTN";"";"";"";"";"";""
"39";"2022-07-25 00:00:00";"2044-01-01 00:00:00";"Россия, г. Санкт-Петербург, ул. Уточкина, д. 4/к.1/литера А";"0";"0";"0";"60.01072";"30.26132";"0";"";"";"";"19307";"56275146";"";"150";"63";"2";"3";"1800";"11";"16";"45";"1";"8";"2";"";"";"0";"";"BTS_78_04142_LTN";"";"";"";"";"";""
"39";"2022-07-25 00:00:00";"2044-01-01 00:00:00";"Россия, г. Санкт-Петербург, ул. Уточкина, д. 4/к.1/литера А";"0";"0";"0";"60.01072";"30.26132";"0";"";"";"";"17807";"56274966";"";"285";"61";"2";"10";"2600";"11";"17";"45";"1";"6";"2";"";"";"0";"";"BTS_78_04142_LTN";"";"";"";"";"";""
"39";"2022-07-25 00:00:00";"2044-01-01 00:00:00";"Россия, г. Санкт-Петербург, ул. Уточкина, д. 4/к.1/литера А";"0";"0";"0";"60.01072";"30.26132";"0";"";"";"";"17807";"56274945";"";"150";"61";"2";"20";"2600";"11";"17";"45";"1";"6";"2";"";"";"0";"";"BTS_78_04142_LTN";"";"";"";"";"";""
"39";"2022-07-25 00:00:00";"2044-01-01 00:00:00";"Россия, г. Санкт-Петербург, пр-т Дальневосточный,   0.07 км юго-восточнее дома 9 корпус 1 литера А, cтолб ООО """"Линк Девелопмент""""";"0";"0";"0";"59.9119";"30.43939";"0";"";"";"";"19351";"56286665";"";"90";"63";"7";"3";"1800";"26";"16";"45";"1";"8";"2";"";"";"0";"";"BTS_78_04102_LTN";"";"";"";"";"";""
"39";"2022-07-25 00:00:00";"2044-01-01 00:00:00";"Россия, г. Санкт-Петербург, пр-т Дальневосточный,   0.07 км юго-восточнее дома 9 корпус 1 литера А, cтолб ООО """"Линк Девелопмент""""";"0";"0";"0";"59.9119";"30.43939";"0";"";"";"";"17851";"56286486";"";"350";"61";"7";"20";"2600";"26";"17";"45";"1";"6";"2";"";"";"0";"";"BTS_78_04102_LTN";"";"";"";"";"";""
"39";"2022-07-25 00:00:00";"2044-01-01 00:00:00";"Россия, г. Санкт-Петербург, пр-т Дальневосточный,   0.07 км юго-восточнее дома 9 корпус 1 литера А, cтолб ООО """"Линк Девелопмент""""";"0";"0";"0";"59.9119";"30.43939";"0";"";"";"";"17851";"56286469";"";"350";"63";"7";"37";"1800";"26";"16";"45";"1";"8";"2";"";"";"0";"";"BTS_78_04102_LTN";"";"";"";"";"";""
"39";"2022-07-22 00:00:00";"2044-01-01 00:00:00";"Россия, г. Санкт-Петербург, пр-т Ударников, д. 49/к.1/литера А";"0";"0";"0";"59.95565";"30.49094";"0";"";"";"";"17835";"51660052";"";"125";"58";"7";"20";"2600";"44";"17";"45";"1";"5";"2";"";"";"0";"";"BTS_78_1797_GDULTN";"";"";"";"";"";""
"39";"2022-07-22 00:00:00";"2044-01-01 00:00:00";"Россия, г. Санкт-Петербург, пр-т Ударников, д. 49/к.1/литера А";"0";"0";"0";"59.95565";"30.49094";"0";"";"";"";"17835";"51660033";"";"220";"58";"6";"";"2600";"43";"17";"45";"1";"5";"2";"";"";"0";"";"BTS_78_1797_GDULTN";"";"";"";"";"";""
"39";"2022-07-22 00:00:00";"2044-01-01 00:00:00";"Россия, г. Санкт-Петербург, пр-т Ударников, д. 49/к.1/литера А";"0";"0";"0";"59.95565";"30.49094";"0";"";"";"";"250";"65355";"";"335";"66";"7";"20";"900";"48";"14";"45";"1";"12";"0";"BSC_78_52";"21";"0";"";"BTS_78_1797_GDULTN";"62";"";"";"";"";""
"39";"2022-07-22 00:00:00";"2044-01-01 00:00:00";"Россия, г. Санкт-Петербург, пр-т Ударников, д. 49/к.1/литера А";"0";"0";"0";"59.95565";"30.49094";"0";"";"";"";"250";"65283";"";"225";"66";"6";"20";"900";"45";"14";"45";"1";"12";"0";"BSC_78_52";"32";"0";"";"BTS_78_1797_GDULTN";"64";"";"";"";"";""
